ID,Label
10001,1
10002,1
10003,1
10004,0
10005,1
10006,1
10007,1
10008,1
10009,0
10010,1
10011,1
10012,1
10013,1
10014,0
10015,1
10016,1
10017,1
10018,1
10019,0
10020,1
10021,1
10022,1
10023,1
10024,0
10025,1
10026,1
10027,1
10028,1
10029,0
10030,1
10031,1
10032,1
10033,1
10034,0
10035,1
10036,1
10037,1
10038,1
10039,0
10040,1
10041,1
10042,1
10043,1
10044,0
10045,1
10046,1
10047,1
10048,1
10049,0
10050,1
10051,1
10052,1
10053,1
10054,0
10055,1
10056,1
10057,1
10058,1
10059,0
10060,1
10061,1
10062,1
10063,1
10064,0
10065,1
10066,1
10067,1
10068,1
10069,0
10070,1
10071,1
10072,1
10073,1
10074,0
10075,1
10076,1
10077,1
10078,1
10079,0
10080,1
10081,1
10082,1
10083,1
10084,0
10085,1
10086,1
10087,1
10088,1
10089,0
10090,1
10091,1
10092,1
10093,1
10094,0
10095,1
10096,1
10097,1
10098,1
10099,0
10100,1
10101,1
10102,1
10103,1
10104,0
10105,1
10106,1
10107,1
10108,1
10109,0
10110,1
10111,1
10112,1
10113,1
10114,0
10115,1
10116,1
10117,1
10118,1
10119,0
10120,1
10121,1
10122,1
10123,1
10124,0
10125,1
10126,1
10127,1
10128,1
10129,0
10130,1
10131,1
10132,1
10133,1
10134,0
10135,1
10136,1
10137,1
10138,1
10139,0
10140,1
10141,1
10142,1
10143,1
10144,0
10145,1
10146,1
10147,1
10148,1
10149,0
10150,1
10151,1
10152,1
10153,1
10154,0
10155,1
10156,1
10157,1
10158,1
10159,0
10160,1
10161,1
10162,1
10163,1
10164,0
10165,1
10166,1
10167,1
10168,1
10169,0
10170,1
10171,1
10172,1
10173,1
10174,0
10175,1
10176,1
10177,1
10178,1
10179,0
10180,1
10181,1
10182,1
10183,1
10184,0
10185,1
10186,1
10187,1
10188,1
10189,0
10190,1
10191,1
10192,1
10193,1
10194,0
10195,1
10196,1
10197,1
10198,1
10199,0
10200,1
10201,1
10202,1
10203,1
10204,0
10205,1
10206,1
10207,1
10208,1
10209,0
10210,1
10211,1
10212,1
10213,1
10214,0
10215,1
10216,1
10217,1
10218,1
10219,0
10220,1
10221,1
10222,1
10223,1
10224,0
10225,1
10226,1
10227,1
10228,1
10229,0
10230,1
10231,1
10232,1
10233,1
10234,0
10235,1
10236,1
10237,1
10238,1
10239,0
10240,1
10241,1
10242,1
10243,1
10244,0
10245,1
10246,1
10247,1
10248,1
10249,0
10250,1
10251,1
10252,1
10253,1
10254,0
10255,1
10256,1
10257,1
10258,1
10259,0
10260,1
10261,1
10262,1
10263,1
10264,0
10265,1
10266,1
10267,1
10268,1
10269,0
10270,1
10271,1
10272,1
10273,1
10274,0
10275,1
10276,1
10277,1
10278,1
10279,0
10280,1
10281,1
10282,1
10283,1
10284,0
10285,1
10286,1
10287,1
10288,1
10289,0
10290,1
10291,1
10292,1
10293,1
10294,0
10295,1
10296,1
10297,1
10298,1
10299,0
10300,1
10301,1
10302,1
10303,1
10304,0
10305,1
10306,1
10307,1
10308,1
10309,0
10310,1
10311,1
10312,1
10313,1
10314,0
10315,1
10316,1
10317,1
10318,1
10319,0
10320,1
10321,1
10322,1
10323,1
10324,0
10325,1
10326,1
10327,1
10328,1
10329,0
10330,1
10331,1
10332,1
10333,1
10334,0
10335,1
10336,1
10337,1
10338,1
10339,0
10340,1
10341,1
10342,1
10343,1
10344,0
10345,1
10346,1
10347,1
10348,1
10349,0
10350,1
10351,1
10352,1
10353,1
10354,0
10355,1
10356,1
10357,1
10358,1
10359,0
10360,1
10361,1
10362,1
10363,1
10364,0
10365,1
10366,1
10367,1
10368,1
10369,0
10370,1
10371,1
10372,1
10373,1
10374,0
10375,1
10376,1
10377,1
10378,1
10379,0
10380,1
10381,1
10382,1
10383,1
10384,0
10385,1
10386,1
10387,1
10388,1
10389,0
10390,1
10391,1
10392,1
10393,1
10394,0
10395,1
10396,1
10397,1
10398,1
10399,0
10400,1
10401,1
10402,1
10403,1
10404,0
10405,1
10406,1
10407,1
10408,1
10409,0
10410,1
10411,1
10412,1
10413,1
10414,0
10415,1
10416,1
10417,1
10418,1
10419,0
10420,1
10421,1
10422,1
10423,1
10424,0
10425,1
10426,1
10427,1
10428,1
10429,0
10430,1
10431,1
10432,1
10433,1
10434,0
10435,1
10436,1
10437,1
10438,1
10439,0
10440,1
10441,1
10442,1
10443,1
10444,0
10445,1
10446,1
10447,1
10448,1
10449,0
10450,1
10451,1
10452,1
10453,1
10454,0
10455,1
10456,1
10457,1
10458,1
10459,0
10460,1
10461,1
10462,1
10463,1
10464,0
10465,1
10466,1
10467,1
10468,1
10469,0
10470,1
10471,1
10472,1
10473,1
10474,0
10475,1
10476,1
10477,1
10478,1
10479,0
10480,1
10481,1
10482,1
10483,1
10484,0
10485,1
10486,1
10487,1
10488,1
10489,0
10490,1
10491,1
10492,1
10493,1
10494,0
10495,1
10496,1
10497,1
10498,1
10499,0
10500,1
10501,1
10502,1
10503,1
10504,0
10505,1
10506,1
10507,1
10508,1
10509,0
10510,1
10511,1
10512,1
10513,1
10514,0
10515,1
10516,1
10517,1
10518,1
10519,0
10520,1
10521,1
10522,1
10523,1
10524,0
10525,1
10526,1
10527,1
10528,1
10529,0
10530,1
10531,1
10532,1
10533,1
10534,0
10535,1
10536,1
10537,1
10538,1
10539,0
10540,1
10541,1
10542,1
10543,1
10544,0
10545,1
10546,1
10547,1
10548,1
10549,0
10550,1
10551,1
10552,1
10553,1
10554,0
10555,1
10556,1
10557,1
10558,1
10559,0
10560,1
10561,1
10562,1
10563,1
10564,0
10565,1
10566,1
10567,1
10568,1
10569,0
10570,1
10571,1
10572,1
10573,1
10574,0
10575,1
10576,1
10577,1
10578,1
10579,0
10580,1
10581,1
10582,1
10583,1
10584,0
10585,1
10586,1
10587,1
10588,1
10589,0
10590,1
10591,1
10592,1
10593,1
10594,0
10595,1
10596,1
10597,1
10598,1
10599,0
10600,1
10601,1
10602,1
10603,1
10604,0
10605,1
10606,1
10607,1
10608,1
10609,0
10610,1
10611,1
10612,1
10613,1
10614,0
10615,1
10616,1
10617,1
10618,1
10619,0
10620,1
10621,1
10622,1
10623,1
10624,0
10625,1
10626,1
10627,1
10628,1
10629,0
10630,1
10631,1
10632,1
10633,1
10634,0
10635,1
10636,1
10637,1
10638,1
10639,0
10640,1
10641,1
10642,1
10643,1
10644,0
10645,1
10646,1
10647,1
10648,1
10649,0
10650,1
10651,1
10652,1
10653,1
10654,0
10655,1
10656,1
10657,1
10658,1
10659,0
10660,1
10661,1
10662,1
10663,1
10664,0
10665,1
10666,1
10667,1
10668,1
10669,0
10670,1
10671,1
10672,1
10673,1
10674,0
10675,1
10676,1
10677,1
10678,1
10679,0
10680,1
10681,1
10682,1
10683,1
10684,0
10685,1
10686,1
10687,1
10688,1
10689,0
10690,1
10691,1
10692,1
10693,1
10694,0
10695,1
10696,1
10697,1
10698,1
10699,0
10700,1
10701,1
10702,1
10703,1
10704,0
10705,1
10706,1
10707,1
10708,1
10709,0
10710,1
10711,1
10712,1
10713,1
10714,0
10715,1
10716,1
10717,1
10718,1
10719,0
10720,1
10721,1
10722,1
10723,1
10724,0
10725,1
10726,1
10727,1
10728,1
10729,0
10730,1
10731,1
10732,1
10733,1
10734,0
10735,1
10736,1
10737,1
10738,1
10739,0
10740,1
10741,1
10742,1
10743,1
10744,0
10745,1
10746,1
10747,1
10748,1
10749,0
10750,1
10751,1
10752,1
10753,1
10754,0
10755,1
10756,1
10757,1
10758,1
10759,0
10760,1
10761,1
10762,1
10763,1
10764,0
10765,1
10766,1
10767,1
10768,1
10769,0
10770,1
10771,1
10772,1
10773,1
10774,0
10775,1
10776,1
10777,1
10778,1
10779,0
10780,1
10781,1
10782,1
10783,1
10784,0
10785,1
10786,1
10787,1
10788,1
10789,0
10790,1
10791,1
10792,1
10793,1
10794,0
10795,1
10796,1
10797,1
10798,1
10799,0
10800,1
10801,1
10802,1
10803,1
10804,0
10805,1
10806,1
10807,1
10808,1
10809,0
10810,1
10811,1
10812,1
10813,1
10814,0
10815,1
10816,1
10817,1
10818,1
10819,0
10820,1
10821,1
10822,1
10823,1
10824,0
10825,1
10826,1
10827,1
10828,1
10829,0
10830,1
10831,1
10832,1
10833,1
10834,0
10835,1
10836,1
10837,1
10838,1
10839,0
10840,1
10841,1
10842,1
10843,1
10844,0
10845,1
10846,1
10847,1
10848,1
10849,0
10850,1
10851,1
10852,1
10853,1
10854,0
10855,1
10856,1
10857,1
10858,1
10859,0
10860,1
10861,1
10862,1
10863,1
10864,0
10865,1
10866,1
10867,1
10868,1
10869,0
10870,1
10871,1
10872,1
10873,1
10874,0
10875,1
10876,1
10877,1
10878,1
10879,0
10880,1
10881,1
10882,1
10883,1
10884,0
10885,1
10886,1
10887,1
10888,1
10889,0
10890,1
10891,1
10892,1
10893,1
10894,0
10895,1
10896,1
10897,1
10898,1
10899,0
10900,1
10901,1
10902,1
10903,1
10904,0
10905,1
10906,1
10907,1
10908,1
10909,0
10910,1
10911,1
10912,1
10913,1
10914,0
10915,1
10916,1
10917,1
10918,1
10919,0
10920,1
10921,1
10922,1
10923,1
10924,0
10925,1
10926,1
10927,1
10928,1
10929,0
10930,1
10931,1
10932,1
10933,1
10934,0
10935,1
10936,1
10937,1
10938,1
10939,0
10940,1
10941,1
10942,1
10943,1
10944,0
10945,1
10946,1
10947,1
10948,1
10949,0
10950,1
10951,1
10952,1
10953,1
10954,0
10955,1
10956,1
10957,1
10958,1
10959,0
10960,1
10961,1
10962,1
10963,1
10964,0
10965,1
10966,1
10967,1
10968,1
10969,0
10970,1
10971,1
10972,1
10973,1
10974,0
10975,1
10976,1
10977,1
10978,1
10979,0
10980,1
10981,1
10982,1
10983,1
10984,0
10985,1
10986,1
10987,1
10988,1
10989,0
10990,1
10991,1
10992,1
10993,1
10994,0
10995,1
10996,1
10997,1
10998,1
10999,0
11000,1
11001,1
11002,1
11003,1
11004,0
11005,1
11006,1
11007,1
11008,1
11009,0
11010,1
11011,1
11012,1
11013,1
11014,0
11015,1
11016,1
11017,1
11018,1
11019,0
11020,1
11021,1
11022,1
11023,1
11024,0
11025,1
11026,1
11027,1
11028,1
11029,0
11030,1
11031,1
11032,1
11033,1
11034,0
11035,1
11036,1
11037,1
11038,1
11039,0
11040,1
11041,1
11042,1
11043,1
11044,0
11045,1
11046,1
11047,1
11048,1
11049,0
11050,1
11051,1
11052,1
11053,1
11054,0
11055,1
11056,1
11057,1
11058,1
11059,0
11060,1
11061,1
11062,1
11063,1
11064,0
11065,1
11066,1
11067,1
11068,1
11069,0
11070,1
11071,1
11072,1
11073,1
11074,0
11075,1
11076,1
11077,1
11078,1
11079,0
11080,1
11081,1
11082,1
11083,1
11084,0
11085,1
11086,1
11087,1
11088,1
11089,0
11090,1
11091,1
11092,1
11093,1
11094,0
11095,1
11096,1
11097,1
11098,1
11099,0
11100,1
11101,1
11102,1
11103,1
11104,0
11105,1
11106,1
11107,1
11108,1
11109,0
11110,1
11111,1
11112,1
11113,1
11114,0
11115,1
11116,1
11117,1
11118,1
11119,0
11120,1
11121,1
11122,1
11123,1
11124,0
11125,1
11126,1
11127,1
11128,1
11129,0
11130,1
11131,1
11132,1
11133,1
11134,0
11135,1
11136,1
11137,1
11138,1
11139,0
11140,1
11141,1
11142,1
11143,1
11144,0
11145,1
11146,1
11147,1
11148,1
11149,0
11150,1
11151,1
11152,1
11153,1
11154,0
11155,1
11156,1
11157,1
11158,1
11159,0
11160,1
11161,1
11162,1
11163,1
11164,0
11165,1
11166,1
11167,1
11168,1
11169,0
11170,1
11171,1
11172,1
11173,1
11174,0
11175,1
11176,1
11177,1
11178,1
11179,0
11180,1
11181,1
11182,1
11183,1
11184,0
11185,1
11186,1
11187,1
11188,1
11189,0
11190,1
11191,1
11192,1
11193,1
11194,0
11195,1
11196,1
11197,1
11198,1
11199,0
11200,1
11201,1
11202,1
11203,1
11204,0
11205,1
11206,1
11207,1
11208,1
11209,0
11210,1
11211,1
11212,1
11213,1
11214,0
11215,1
11216,1
11217,1
11218,1
11219,0
11220,1
11221,1
11222,1
11223,1
11224,0
11225,1
11226,1
11227,1
11228,1
11229,0
11230,1
11231,1
11232,1
11233,1
11234,0
11235,1
11236,1
11237,1
11238,1
11239,0
11240,1
11241,1
11242,1
11243,1
11244,0
11245,1
11246,1
11247,1
11248,1
11249,0
11250,1
11251,1
11252,1
11253,1
11254,0
11255,1
11256,1
11257,1
11258,1
11259,0
11260,1
11261,1
11262,1
11263,1
11264,0
11265,1
11266,1
11267,1
11268,1
11269,0
11270,1
11271,1
11272,1
11273,1
11274,0
11275,1
11276,1
11277,1
11278,1
11279,0
11280,1
11281,1
11282,1
11283,1
11284,0
11285,1
11286,1
11287,1
11288,1
11289,0
11290,1
11291,1
11292,1
11293,1
11294,0
11295,1
11296,1
11297,1
11298,1
11299,0
11300,1
11301,1
11302,1
11303,1
11304,0
11305,1
11306,1
11307,1
11308,1
11309,0
11310,1
11311,1
11312,1
11313,1
11314,0
11315,1
11316,1
11317,1
11318,1
11319,0
11320,1
11321,1
11322,1
11323,1
11324,0
11325,1
11326,1
11327,1
11328,1
11329,0
11330,1
11331,1
11332,1
11333,1
11334,0
11335,1
11336,1
11337,1
11338,1
11339,0
11340,1
11341,1
11342,1
11343,1
11344,0
11345,1
11346,1
11347,1
11348,1
11349,0
11350,1
11351,1
11352,1
11353,1
11354,0
11355,1
11356,1
11357,1
11358,1
11359,0
11360,1
11361,1
11362,1
11363,1
11364,0
11365,1
11366,1
11367,1
11368,1
11369,0
11370,1
11371,1
11372,1
11373,1
11374,0
11375,1
11376,1
11377,1
11378,1
11379,0
11380,1
11381,1
11382,1
11383,1
11384,0
11385,1
11386,1
11387,1
11388,1
11389,0
11390,1
11391,1
11392,1
11393,1
11394,0
11395,1
11396,1
11397,1
11398,1
11399,0
11400,1
11401,1
11402,1
11403,1
11404,0
11405,1
11406,1
11407,1
11408,1
11409,0
11410,1
11411,1
11412,1
11413,1
11414,0
11415,1
11416,1
11417,1
11418,1
11419,0
11420,1
11421,1
11422,1
11423,1
11424,0
11425,1
11426,1
11427,1
11428,1
11429,0
11430,1
11431,1
11432,1
11433,1
11434,0
11435,1
11436,1
11437,1
11438,1
11439,0
11440,1
11441,1
11442,1
11443,1
11444,0
11445,1
11446,1
11447,1
11448,1
11449,0
11450,1
11451,1
11452,1
11453,1
11454,0
11455,1
11456,1
11457,1
11458,1
11459,0
11460,1
11461,1
11462,1
11463,1
11464,0
11465,1
11466,1
11467,1
11468,1
11469,0
11470,1
11471,1
11472,1
11473,1
11474,0
11475,1
11476,1
11477,1
11478,1
11479,0
11480,1
11481,1
11482,1
11483,1
11484,0
11485,1
11486,1
11487,1
11488,1
11489,0
11490,1
11491,1
11492,1
11493,1
11494,0
11495,1
11496,1
11497,1
11498,1
11499,0
11500,1
11501,1
11502,1
11503,1
11504,0
11505,1
11506,1
11507,1
11508,1
11509,0
11510,1
11511,1
11512,1
11513,1
11514,0
11515,1
11516,1
11517,1
11518,1
11519,0
11520,1
11521,1
11522,1
11523,1
11524,0
11525,1
11526,1
11527,1
11528,1
11529,0
11530,1
11531,1
11532,1
11533,1
11534,0
11535,1
11536,1
11537,1
11538,1
11539,0
11540,1
11541,1
11542,1
11543,1
11544,0
11545,1
11546,1
11547,1
11548,1
11549,0
11550,1
11551,1
11552,1
11553,1
11554,0
11555,1
11556,1
11557,1
11558,1
11559,0
11560,1
11561,1
11562,1
11563,1
11564,0
11565,1
11566,1
11567,1
11568,1
11569,0
11570,1
11571,1
11572,1
11573,1
11574,0
11575,1
11576,1
11577,1
11578,1
11579,0
11580,1
11581,1
11582,1
11583,1
11584,0
11585,1
11586,1
11587,1
11588,1
11589,0
11590,1
11591,1
11592,1
11593,1
11594,0
11595,1
11596,1
11597,1
11598,1
11599,0
11600,1
11601,1
11602,1
11603,1
11604,0
11605,1
11606,1
11607,1
11608,1
11609,0
11610,1
11611,1
11612,1
11613,1
11614,0
11615,1
11616,1
11617,1
11618,1
11619,0
11620,1
11621,1
11622,1
11623,1
11624,0
11625,1
11626,1
11627,1
11628,1
11629,0
11630,1
11631,1
11632,1
11633,1
11634,0
11635,1
11636,1
11637,1
11638,1
11639,0
11640,1
11641,1
11642,1
11643,1
11644,0
11645,1
11646,1
11647,1
11648,1
11649,0
11650,1
11651,1
11652,1
11653,1
11654,0
11655,1
11656,1
11657,1
11658,1
11659,0
11660,1
11661,1
11662,1
11663,1
11664,0
11665,1
11666,1
11667,1
11668,1
11669,0
11670,1
11671,1
11672,1
11673,1
11674,0
11675,1
11676,1
11677,1
11678,1
11679,0
11680,1
11681,1
11682,1
11683,1
11684,0
11685,1
11686,1
11687,1
11688,1
11689,0
11690,1
11691,1
11692,1
11693,1
11694,0
11695,1
11696,1
11697,1
11698,1
11699,0
11700,1
11701,1
11702,1
11703,1
11704,0
11705,1
11706,1
11707,1
11708,1
11709,0
11710,1
11711,1
11712,1
11713,1
11714,0
11715,1
11716,1
11717,1
11718,1
11719,0
11720,1
11721,1
11722,1
11723,1
11724,0
11725,1
11726,1
11727,1
11728,1
11729,0
11730,1
11731,1
11732,1
11733,1
11734,0
11735,1
11736,1
11737,1
11738,1
11739,0
11740,1
11741,1
11742,1
11743,1
11744,0
11745,1
11746,1
11747,1
11748,1
11749,0
11750,1
11751,1
11752,1
11753,1
11754,0
11755,1
11756,1
11757,1
11758,1
11759,0
11760,1
11761,1
11762,1
11763,1
11764,0
11765,1
11766,1
11767,1
11768,1
11769,0
11770,1
11771,1
11772,1
11773,1
11774,0
11775,1
11776,1
11777,1
11778,1
11779,0
11780,1
11781,1
11782,1
11783,1
11784,0
11785,1
11786,1
11787,1
11788,1
11789,0
11790,1
11791,1
11792,1
11793,1
11794,0
11795,1
11796,1
11797,1
11798,1
11799,0
11800,1
11801,1
11802,1
11803,1
11804,0
11805,1
11806,1
11807,1
11808,1
11809,0
11810,1
11811,1
11812,1
11813,1
11814,0
11815,1
11816,1
11817,1
11818,1
11819,0
11820,1
11821,1
11822,1
11823,1
11824,0
11825,1
11826,1
11827,1
11828,1
11829,0
11830,1
11831,1
11832,1
11833,1
11834,0
11835,1
11836,1
11837,1
11838,1
11839,0
11840,1
11841,1
11842,1
11843,1
11844,0
11845,1
11846,1
11847,1
11848,1
11849,0
11850,1
11851,1
11852,1
11853,1
11854,0
11855,1
11856,1
11857,1
11858,1
11859,0
11860,1
11861,1
11862,1
11863,1
11864,0
11865,1
11866,1
11867,1
11868,1
11869,0
11870,1
11871,1
11872,1
11873,1
11874,0
11875,1
11876,1
11877,1
11878,1
11879,0
11880,1
11881,1
11882,1
11883,1
11884,0
11885,1
11886,1
11887,1
11888,1
11889,0
11890,1
11891,1
11892,1
11893,1
11894,0
11895,1
11896,1
11897,1
11898,1
11899,0
11900,1
11901,1
11902,1
11903,1
11904,0
11905,1
11906,1
11907,1
11908,1
11909,0
11910,1
11911,1
11912,1
11913,1
11914,0
11915,1
11916,1
11917,1
11918,1
11919,0
11920,1
11921,1
11922,1
11923,1
11924,0
11925,1
11926,1
11927,1
11928,1
11929,0
11930,1
11931,1
11932,1
11933,1
11934,0
11935,1
11936,1
11937,1
11938,1
11939,0
11940,1
11941,1
11942,1
11943,1
11944,0
11945,1
11946,1
11947,1
11948,1
11949,0
11950,1
11951,1
11952,1
11953,1
11954,0
11955,1
11956,1
11957,1
11958,1
11959,0
11960,1
11961,1
11962,1
11963,1
11964,0
11965,1
11966,1
11967,1
11968,1
11969,0
11970,1
11971,1
11972,1
11973,1
11974,0
11975,1
11976,1
11977,1
11978,1
11979,0
11980,1
11981,1
11982,1
11983,1
11984,0
11985,1
11986,1
11987,1
11988,1
11989,0
11990,1
11991,1
11992,1
11993,1
11994,0
11995,1
11996,1
11997,1
11998,1
11999,0
12000,1
12001,1
12002,1
12003,1
12004,0
12005,1
12006,1
12007,1
12008,1
12009,0
12010,1
12011,1
12012,1
12013,1
12014,0
12015,1
12016,1
12017,1
12018,1
12019,0
12020,1
12021,1
12022,1
12023,1
12024,0
12025,1
12026,1
12027,1
12028,1
12029,0
12030,1
12031,1
12032,1
12033,1
12034,0
12035,1
12036,1
12037,1
12038,1
12039,0
12040,1
12041,1
12042,1
12043,1
12044,0
12045,1
12046,1
12047,1
12048,1
12049,0
12050,1
12051,1
12052,1
12053,1
12054,0
12055,1
12056,1
12057,1
12058,1
12059,0
12060,1
12061,1
12062,1
12063,1
12064,0
12065,1
12066,1
12067,1
12068,1
12069,0
12070,1
12071,1
12072,1
12073,1
12074,0
12075,1
12076,1
12077,1
12078,1
12079,0
12080,1
12081,1
12082,1
12083,1
12084,0
12085,1
12086,1
12087,1
12088,1
12089,0
12090,1
12091,1
12092,1
12093,1
12094,0
12095,1
12096,1
12097,1
12098,1
12099,0
12100,1
12101,1
12102,1
12103,1
12104,0
12105,1
12106,1
12107,1
12108,1
12109,0
12110,1
12111,1
12112,1
12113,1
12114,0
12115,1
12116,1
12117,1
12118,1
12119,0
12120,1
12121,1
12122,1
12123,1
12124,0
12125,1
12126,1
12127,1
12128,1
12129,0
12130,1
12131,1
12132,1
12133,1
12134,0
12135,1
12136,1
12137,1
12138,1
12139,0
12140,1
12141,1
12142,1
12143,1
12144,0
12145,1
12146,1
12147,1
12148,1
12149,0
12150,1
12151,1
12152,1
12153,1
12154,0
12155,1
12156,1
12157,1
12158,1
12159,0
12160,1
12161,1
12162,1
12163,1
12164,0
12165,1
12166,1
12167,1
12168,1
12169,0
12170,1
12171,1
12172,1
12173,1
12174,0
12175,1
12176,1
12177,1
12178,1
12179,0
12180,1
12181,1
12182,1
12183,1
12184,0
12185,1
12186,1
12187,1
12188,1
12189,0
12190,1
12191,1
12192,1
12193,1
12194,0
12195,1
12196,1
12197,1
12198,1
12199,0
12200,1
12201,1
12202,1
12203,1
12204,0
12205,1
12206,1
12207,1
12208,1
12209,0
12210,1
12211,1
12212,1
12213,1
12214,0
12215,1
12216,1
12217,1
12218,1
12219,0
12220,1
12221,1
12222,1
12223,1
12224,0
12225,1
12226,1
12227,1
12228,1
12229,0
12230,1
12231,1
12232,1
12233,1
12234,0
12235,1
12236,1
12237,1
12238,1
12239,0
12240,1
12241,1
12242,1
12243,1
12244,0
12245,1
12246,1
12247,1
12248,1
12249,0
12250,1
12251,1
12252,1
12253,1
12254,0
12255,1
12256,1
12257,1
12258,1
12259,0
12260,1
12261,1
12262,1
12263,1
12264,0
12265,1
12266,1
12267,1
12268,1
12269,0
12270,1
12271,1
12272,1
12273,1
12274,0
12275,1
12276,1
12277,1
12278,1
12279,0
12280,1
12281,1
12282,1
12283,1
12284,0
12285,1
12286,1
12287,1
12288,1
12289,0
12290,1
12291,1
12292,1
12293,1
12294,0
12295,1
12296,1
12297,1
12298,1
12299,0
12300,1
12301,1
12302,1
12303,1
12304,0
12305,1
12306,1
12307,1
12308,1
12309,0
12310,1
12311,1
12312,1
12313,1
12314,0
12315,1
12316,1
12317,1
12318,1
12319,0
12320,1
12321,1
12322,1
12323,1
12324,0
12325,1
12326,1
12327,1
12328,1
12329,0
12330,1
12331,1
12332,1
12333,1
12334,0
12335,1
12336,1
12337,1
12338,1
12339,0
12340,1
12341,1
12342,1
12343,1
12344,0
12345,1
12346,1
12347,1
12348,1
12349,0
12350,1
12351,1
12352,1
12353,1
12354,0
12355,1
12356,1
12357,1
12358,1
12359,0
12360,1
12361,1
12362,1
12363,1
12364,0
12365,1
12366,1
12367,1
12368,1
12369,0
12370,1
12371,1
12372,1
12373,1
12374,0
12375,1
12376,1
12377,1
12378,1
12379,0
12380,1
12381,1
12382,1
12383,1
12384,0
12385,1
12386,1
12387,1
12388,1
12389,0
12390,1
12391,1
12392,1
12393,1
12394,0
12395,1
12396,1
12397,1
12398,1
12399,0
12400,1
12401,1
12402,1
12403,1
12404,0
12405,1
12406,1
12407,1
12408,1
12409,0
12410,1
12411,1
12412,1
12413,1
12414,0
12415,1
12416,1
12417,1
12418,1
12419,0
12420,1
12421,1
12422,1
12423,1
12424,0
12425,1
12426,1
12427,1
12428,1
12429,0
12430,1
12431,1
12432,1
12433,1
12434,0
12435,1
12436,1
12437,1
12438,1
12439,0
12440,1
12441,1
12442,1
12443,1
12444,0
12445,1
12446,1
12447,1
12448,1
12449,0
12450,1
12451,1
12452,1
12453,1
12454,0
12455,1
12456,1
12457,1
12458,1
12459,0
12460,1
12461,1
12462,1
12463,1
12464,0
12465,1
12466,1
12467,1
12468,1
12469,0
12470,1
12471,1
12472,1
12473,1
12474,0
12475,1
12476,1
12477,1
12478,1
12479,0
12480,1
12481,1
12482,1
12483,1
12484,0
12485,1
12486,1
12487,1
12488,1
12489,0
12490,1
12491,1
12492,1
12493,1
12494,0
12495,1
12496,1
12497,1
12498,1
12499,0
12500,1
12501,1
12502,1
12503,1
12504,0
12505,1
12506,1
12507,1
12508,1
12509,0
12510,1
12511,1
12512,1
12513,1
12514,0
12515,1
12516,1
12517,1
12518,1
12519,0
12520,1
12521,1
12522,1
12523,1
12524,0
12525,1
12526,1
12527,1
12528,1
12529,0
12530,1
12531,1
12532,1
12533,1
12534,0
12535,1
12536,1
12537,1
12538,1
12539,0
12540,1
12541,1
12542,1
12543,1
12544,0
12545,1
12546,1
12547,1
12548,1
12549,0
12550,1
12551,1
12552,1
12553,1
12554,0
12555,1
12556,1
12557,1
12558,1
12559,0
12560,1
12561,1
12562,1
12563,1
12564,0
12565,1
12566,1
12567,1
12568,1
12569,0
12570,1
12571,1
12572,1
12573,1
12574,0
12575,1
12576,1
12577,1
12578,1
12579,0
12580,1
12581,1
12582,1
12583,1
12584,0
12585,1
12586,1
12587,1
12588,1
12589,0
12590,1
12591,1
12592,1
12593,1
12594,0
12595,1
12596,1
12597,1
12598,1
12599,0
12600,1
12601,1
12602,1
12603,1
12604,0
12605,1
12606,1
12607,1
12608,1
12609,0
12610,1
12611,1
12612,1
12613,1
12614,0
12615,1
12616,1
12617,1
12618,1
12619,0
12620,1
12621,1
12622,1
12623,1
12624,0
12625,1
12626,1
12627,1
12628,1
12629,0
12630,1
12631,1
12632,1
12633,1
12634,0
12635,1
12636,1
12637,1
12638,1
12639,0
12640,1
12641,1
12642,1
12643,1
12644,0
12645,1
12646,1
12647,1
12648,1
12649,0
12650,1
12651,1
12652,1
12653,1
12654,0
12655,1
12656,1
12657,1
12658,1
12659,0
12660,1
12661,1
12662,1
12663,1
12664,0
12665,1
12666,1
12667,1
12668,1
12669,0
12670,1
12671,1
12672,1
12673,1
12674,0
12675,1
12676,1
12677,1
12678,1
12679,0
12680,1
12681,1
12682,1
12683,1
12684,0
12685,1
12686,1
12687,1
12688,1
12689,0
12690,1
12691,1
12692,1
12693,1
12694,0
12695,1
12696,1
12697,1
12698,1
12699,0
12700,1
12701,1
12702,1
12703,1
12704,0
12705,1
12706,1
12707,1
12708,1
12709,0
12710,1
12711,1
12712,1
12713,1
12714,0
12715,1
12716,1
12717,1
12718,1
12719,0
12720,1
12721,1
12722,1
12723,1
12724,0
12725,1
12726,1
12727,1
12728,1
12729,0
12730,1
12731,1
12732,1
12733,1
12734,0
12735,1
12736,1
12737,1
12738,1
12739,0
12740,1
12741,1
12742,1
12743,1
12744,0
12745,1
12746,1
12747,1
12748,1
12749,0
12750,1
12751,1
12752,1
12753,1
12754,0
12755,1
12756,1
12757,1
12758,1
12759,0
12760,1
12761,1
12762,1
12763,1
12764,0
12765,1
12766,1
12767,1
12768,1
12769,0
12770,1
12771,1
12772,1
12773,1
12774,0
12775,1
12776,1
12777,1
12778,1
12779,0
12780,1
12781,1
12782,1
12783,1
12784,0
12785,1
12786,1
12787,1
12788,1
12789,0
12790,1
12791,1
12792,1
12793,1
12794,0
12795,1
12796,1
12797,1
12798,1
12799,0
12800,1
12801,1
12802,1
12803,1
12804,0
12805,1
12806,1
12807,1
12808,1
12809,0
12810,1
12811,1
12812,1
12813,1
12814,0
12815,1
12816,1
12817,1
12818,1
12819,0
12820,1
12821,1
12822,1
12823,1
12824,0
12825,1
12826,1
12827,1
12828,1
12829,0
12830,1
12831,1
12832,1
12833,1
12834,0
12835,1
12836,1
12837,1
12838,1
12839,0
12840,1
12841,1
12842,1
12843,1
12844,0
12845,1
12846,1
12847,1
12848,1
12849,0
12850,1
12851,1
12852,1
12853,1
12854,0
12855,1
12856,1
12857,1
12858,1
12859,0
12860,1
12861,1
12862,1
12863,1
12864,0
12865,1
12866,1
12867,1
12868,1
12869,0
12870,1
12871,1
12872,1
12873,1
12874,0
12875,1
12876,1
12877,1
12878,1
12879,0
12880,1
12881,1
12882,1
12883,1
12884,0
12885,1
12886,1
12887,1
12888,1
12889,0
12890,1
12891,1
12892,1
12893,1
12894,0
12895,1
12896,1
12897,1
12898,1
12899,0
12900,1
12901,1
12902,1
12903,1
12904,0
12905,1
12906,1
12907,1
12908,1
12909,0
12910,1
12911,1
12912,1
12913,1
12914,0
12915,1
12916,1
12917,1
12918,1
12919,0
12920,1
12921,1
12922,1
12923,1
12924,0
12925,1
12926,1
12927,1
12928,1
12929,0
12930,1
12931,1
12932,1
12933,1
12934,0
12935,1
12936,1
12937,1
12938,1
12939,0
12940,1
12941,1
12942,1
12943,1
12944,0
12945,1
12946,1
12947,1
12948,1
12949,0
12950,1
12951,1
12952,1
12953,1
12954,0
12955,1
12956,1
12957,1
12958,1
12959,0
12960,1
12961,1
12962,1
12963,1
12964,0
12965,1
12966,1
12967,1
12968,1
12969,0
12970,1
12971,1
12972,1
12973,1
12974,0
12975,1
12976,1
12977,1
12978,1
12979,0
12980,1
12981,1
12982,1
12983,1
12984,0
12985,1
12986,1
12987,1
12988,1
12989,0
12990,1
12991,1
12992,1
12993,1
12994,0
12995,1
12996,1
12997,1
12998,1
12999,0
13000,1
13001,1
13002,1
13003,1
13004,0
13005,1
13006,1
13007,1
13008,1
13009,0
13010,1
13011,1
13012,1
13013,1
13014,0
13015,1
13016,1
13017,1
13018,1
13019,0
13020,1
13021,1
13022,1
13023,1
13024,0
13025,1
13026,1
13027,1
13028,1
13029,0
13030,1
13031,1
13032,1
13033,1
13034,0
13035,1
13036,1
13037,1
13038,1
13039,0
13040,1
13041,1
13042,1
13043,1
13044,0
13045,1
13046,1
13047,1
13048,1
13049,0
13050,1
13051,1
13052,1
13053,1
13054,0
13055,1
13056,1
13057,1
13058,1
13059,0
13060,1
13061,1
13062,1
13063,1
13064,0
13065,1
13066,1
13067,1
13068,1
13069,0
13070,1
13071,1
13072,1
13073,1
13074,0
13075,1
13076,1
13077,1
13078,1
13079,0
13080,1
13081,1
13082,1
13083,1
13084,0
13085,1
13086,1
13087,1
13088,1
13089,0
13090,1
13091,1
13092,1
13093,1
13094,0
13095,1
13096,1
13097,1
13098,1
13099,0
13100,1
13101,1
13102,1
13103,1
13104,0
13105,1
13106,1
13107,1
13108,1
13109,0
13110,1
13111,1
13112,1
13113,1
13114,0
13115,1
13116,1
13117,1
13118,1
13119,0
13120,1
13121,1
13122,1
13123,1
13124,0
13125,1
13126,1
13127,1
13128,1
13129,0
13130,1
13131,1
13132,1
13133,1
13134,0
13135,1
13136,1
13137,1
13138,1
13139,0
13140,1
13141,1
13142,1
13143,1
13144,0
13145,1
13146,1
13147,1
13148,1
13149,0
13150,1
13151,1
13152,1
13153,1
13154,0
13155,1
13156,1
13157,1
13158,1
13159,0
13160,1
13161,1
13162,1
13163,1
13164,0
13165,1
13166,1
13167,1
13168,1
13169,0
13170,1
13171,1
13172,1
13173,1
13174,0
13175,1
13176,1
13177,1
13178,1
13179,0
13180,1
13181,1
13182,1
13183,1
13184,0
13185,1
13186,1
13187,1
13188,1
13189,0
13190,1
13191,1
13192,1
13193,1
13194,0
13195,1
13196,1
13197,1
13198,1
13199,0
13200,1
13201,1
13202,1
13203,1
13204,0
13205,1
13206,1
13207,1
13208,1
13209,0
13210,1
13211,1
13212,1
13213,1
13214,0
13215,1
13216,1
13217,1
13218,1
13219,0
13220,1
13221,1
13222,1
13223,1
13224,0
13225,1
13226,1
13227,1
13228,1
13229,0
13230,1
13231,1
13232,1
13233,1
13234,0
13235,1
13236,1
13237,1
13238,1
13239,0
13240,1
13241,1
13242,1
13243,1
13244,0
13245,1
13246,1
13247,1
13248,1
13249,0
13250,1
13251,1
13252,1
13253,1
13254,0
13255,1
13256,1
13257,1
13258,1
13259,0
13260,1
13261,1
13262,1
13263,1
13264,0
13265,1
13266,1
13267,1
13268,1
13269,0
13270,1
13271,1
13272,1
13273,1
13274,0
13275,1
13276,1
13277,1
13278,1
13279,0
13280,1
13281,1
13282,1
13283,1
13284,0
13285,1
13286,1
13287,1
13288,1
13289,0
13290,1
13291,1
13292,1
13293,1
13294,0
13295,1
13296,1
13297,1
13298,1
13299,0
13300,1
13301,1
13302,1
13303,1
13304,0
13305,1
13306,1
13307,1
13308,1
13309,0
13310,1
13311,1
13312,1
13313,1
13314,0
13315,1
13316,1
13317,1
13318,1
13319,0
13320,1
13321,1
13322,1
13323,1
13324,0
13325,1
13326,1
13327,1
13328,1
13329,0
13330,1
13331,1
13332,1
13333,1
13334,0
13335,1
13336,1
13337,1
13338,1
13339,0
13340,1
13341,1
13342,1
13343,1
13344,0
13345,1
13346,1
13347,1
13348,1
13349,0
13350,1
13351,1
13352,1
13353,1
13354,0
13355,1
13356,1
13357,1
13358,1
13359,0
13360,1
13361,1
13362,1
13363,1
13364,0
13365,1
13366,1
13367,1
13368,1
13369,0
13370,1
13371,1
13372,1
13373,1
13374,0
13375,1
13376,1
13377,1
13378,1
13379,0
13380,1
13381,1
13382,1
13383,1
13384,0
13385,1
13386,1
13387,1
13388,1
13389,0
13390,1
13391,1
13392,1
13393,1
13394,0
13395,1
13396,1
13397,1
13398,1
13399,0
13400,1
13401,1
13402,1
13403,1
13404,0
13405,1
13406,1
13407,1
13408,1
13409,0
13410,1
13411,1
13412,1
13413,1
13414,0
13415,1
13416,1
13417,1
13418,1
13419,0
13420,1
13421,1
13422,1
13423,1
13424,0
13425,1
13426,1
13427,1
13428,1
13429,0
13430,1
13431,1
13432,1
13433,1
13434,0
13435,1
13436,1
13437,1
13438,1
13439,0
13440,1
13441,1
13442,1
13443,1
13444,0
13445,1
13446,1
13447,1
13448,1
13449,0
13450,1
13451,1
13452,1
13453,1
13454,0
13455,1
13456,1
13457,1
13458,1
13459,0
13460,1
13461,1
13462,1
13463,1
13464,0
13465,1
13466,1
13467,1
13468,1
13469,0
13470,1
13471,1
13472,1
13473,1
13474,0
13475,1
13476,1
13477,1
13478,1
13479,0
13480,1
13481,1
13482,1
13483,1
13484,0
13485,1
13486,1
13487,1
13488,1
13489,0
13490,1
13491,1
13492,1
13493,1
13494,0
13495,1
13496,1
13497,1
13498,1
13499,0
13500,1
13501,1
13502,1
13503,1
13504,0
13505,1
13506,1
13507,1
13508,1
13509,0
13510,1
13511,1
13512,1
13513,1
13514,0
13515,1
13516,1
13517,1
13518,1
13519,0
13520,1
13521,1
13522,1
13523,1
13524,0
13525,1
13526,1
13527,1
13528,1
13529,0
13530,1
13531,1
13532,1
13533,1
13534,0
13535,1
13536,1
13537,1
13538,1
13539,0
13540,1
13541,1
13542,1
13543,1
13544,0
13545,1
13546,1
13547,1
13548,1
13549,0
13550,1
13551,1
13552,1
13553,1
13554,0
13555,1
13556,1
13557,1
13558,1
13559,0
13560,1
13561,1
13562,1
13563,1
13564,0
13565,1
13566,1
13567,1
13568,1
13569,0
13570,1
13571,1
13572,1
13573,1
13574,0
13575,1
13576,1
13577,1
13578,1
13579,0
13580,1
13581,1
13582,1
13583,1
13584,0
13585,1
13586,1
13587,1
13588,1
13589,0
13590,1
13591,1
13592,1
13593,1
13594,0
13595,1
13596,1
13597,1
13598,1
13599,0
13600,1
13601,1
13602,1
13603,1
13604,0
13605,1
13606,1
13607,1
13608,1
13609,0
13610,1
13611,1
13612,1
13613,1
13614,0
13615,1
13616,1
13617,1
13618,1
13619,0
13620,1
13621,1
13622,1
13623,1
13624,0
13625,1
13626,1
13627,1
13628,1
13629,0
13630,1
13631,1
13632,1
13633,1
13634,0
13635,1
13636,1
13637,1
13638,1
13639,0
13640,1
13641,1
13642,1
13643,1
13644,0
13645,1
13646,1
13647,1
13648,1
13649,0
13650,1
13651,1
13652,1
13653,1
13654,0
13655,1
13656,1
13657,1
13658,1
13659,0
13660,1
13661,1
13662,1
13663,1
13664,0
13665,1
13666,1
13667,1
13668,1
13669,0
13670,1
13671,1
13672,1
13673,1
13674,0
13675,1
13676,1
13677,1
13678,1
13679,0
13680,1
13681,1
13682,1
13683,1
13684,0
13685,1
13686,1
13687,1
13688,1
13689,0
13690,1
13691,1
13692,1
13693,1
13694,0
13695,1
13696,1
13697,1
13698,1
13699,0
13700,1
13701,1
13702,1
13703,1
13704,0
13705,1
13706,1
13707,1
13708,1
13709,0
13710,1
13711,1
13712,1
13713,1
13714,0
13715,1
13716,1
13717,1
13718,1
13719,0
13720,1
13721,1
13722,1
13723,1
13724,0
13725,1
13726,1
13727,1
13728,1
13729,0
13730,1
13731,1
13732,1
13733,1
13734,0
13735,1
13736,1
13737,1
13738,1
13739,0
13740,1
13741,1
13742,1
13743,1
13744,0
13745,1
13746,1
13747,1
13748,1
13749,0
13750,1
13751,1
13752,1
13753,1
13754,0
13755,1
13756,1
13757,1
13758,1
13759,0
13760,1
13761,1
13762,1
13763,1
13764,0
13765,1
13766,1
13767,1
13768,1
13769,0
13770,1
13771,1
13772,1
13773,1
13774,0
13775,1
13776,1
13777,1
13778,1
13779,0
13780,1
13781,1
13782,1
13783,1
13784,0
13785,1
13786,1
13787,1
13788,1
13789,0
13790,1
13791,1
13792,1
13793,1
13794,0
13795,1
13796,1
13797,1
13798,1
13799,0
13800,1
13801,1
13802,1
13803,1
13804,0
13805,1
13806,1
13807,1
13808,1
13809,0
13810,1
13811,1
13812,1
13813,1
13814,0
13815,1
13816,1
13817,1
13818,1
13819,0
13820,1
13821,1
13822,1
13823,1
13824,0
13825,1
13826,1
13827,1
13828,1
13829,0
13830,1
13831,1
13832,1
13833,1
13834,0
13835,1
13836,1
13837,1
13838,1
13839,0
13840,1
13841,1
13842,1
13843,1
13844,0
13845,1
13846,1
13847,1
13848,1
13849,0
13850,1
13851,1
13852,1
13853,1
13854,0
13855,1
13856,1
13857,1
13858,1
13859,0
13860,1
13861,1
13862,1
13863,1
13864,0
13865,1
13866,1
13867,1
13868,1
13869,0
13870,1
13871,1
13872,1
13873,1
13874,0
13875,1
13876,1
13877,1
13878,1
13879,0
13880,1
13881,1
13882,1
13883,1
13884,0
13885,1
13886,1
13887,1
13888,1
13889,0
13890,1
13891,1
13892,1
13893,1
13894,0
13895,1
13896,1
13897,1
13898,1
13899,0
13900,1
13901,1
13902,1
13903,1
13904,0
13905,1
13906,1
13907,1
13908,1
13909,0
13910,1
13911,1
13912,1
13913,1
13914,0
13915,1
13916,1
13917,1
13918,1
13919,0
13920,1
13921,1
13922,1
13923,1
13924,0
13925,1
13926,1
13927,1
13928,1
13929,0
13930,1
13931,1
13932,1
13933,1
13934,0
13935,1
13936,1
13937,1
13938,1
13939,0
13940,1
13941,1
13942,1
13943,1
13944,0
13945,1
13946,1
13947,1
13948,1
13949,0
13950,1
13951,1
13952,1
13953,1
13954,0
13955,1
13956,1
13957,1
13958,1
13959,0
13960,1
13961,1
13962,1
13963,1
13964,0
13965,1
13966,1
13967,1
13968,1
13969,0
13970,1
13971,1
13972,1
13973,1
13974,0
13975,1
13976,1
13977,1
13978,1
13979,0
13980,1
13981,1
13982,1
13983,1
13984,0
13985,1
13986,1
13987,1
13988,1
13989,0
13990,1
13991,1
13992,1
13993,1
13994,0
13995,1
13996,1
13997,1
13998,1
13999,0
14000,1
14001,1
14002,1
14003,1
14004,0
14005,1
14006,1
14007,1
14008,1
14009,0
14010,1
14011,1
14012,1
14013,1
14014,0
14015,1
14016,1
14017,1
14018,1
14019,0
14020,1
14021,1
14022,1
14023,1
14024,0
14025,1
14026,1
14027,1
14028,1
14029,0
14030,1
14031,1
14032,1
14033,1
14034,0
14035,1
14036,1
14037,1
14038,1
14039,0
14040,1
14041,1
14042,1
14043,1
14044,0
14045,1
14046,1
14047,1
14048,1
14049,0
14050,1
14051,1
14052,1
14053,1
14054,0
14055,1
14056,1
14057,1
14058,1
14059,0
14060,1
14061,1
14062,1
14063,1
14064,0
14065,1
14066,1
14067,1
14068,1
14069,0
14070,1
14071,1
14072,1
14073,1
14074,0
14075,1
14076,1
14077,1
14078,1
14079,0
14080,1
14081,1
14082,1
14083,1
14084,0
14085,1
14086,1
14087,1
14088,1
14089,0
14090,1
14091,1
14092,1
14093,1
14094,0
14095,1
14096,1
14097,1
14098,1
14099,0
14100,1
14101,1
14102,1
14103,1
14104,0
14105,1
14106,1
14107,1
14108,1
14109,0
14110,1
14111,1
14112,1
14113,1
14114,0
14115,1
14116,1
14117,1
14118,1
14119,0
14120,1
14121,1
14122,1
14123,1
14124,0
14125,1
14126,1
14127,1
14128,1
14129,0
14130,1
14131,1
14132,1
14133,1
14134,0
14135,1
14136,1
14137,1
14138,1
14139,0
14140,1
14141,1
14142,1
14143,1
14144,0
14145,1
14146,1
14147,1
14148,1
14149,0
14150,1
14151,1
14152,1
14153,1
14154,0
14155,1
14156,1
14157,1
14158,1
14159,0
14160,1
14161,1
14162,1
14163,1
14164,0
14165,1
14166,1
14167,1
14168,1
14169,0
14170,1
14171,1
14172,1
14173,1
14174,0
14175,1
14176,1
14177,1
14178,1
14179,0
14180,1
14181,1
14182,1
14183,1
14184,0
14185,1
14186,1
14187,1
14188,1
14189,0
14190,1
14191,1
14192,1
14193,1
14194,0
14195,1
14196,1
14197,1
14198,1
14199,0
14200,1
14201,1
14202,1
14203,1
14204,0
14205,1
14206,1
14207,1
14208,1
14209,0
14210,1
14211,1
14212,1
14213,1
14214,0
14215,1
14216,1
14217,1
14218,1
14219,0
14220,1
14221,1
14222,1
14223,1
14224,0
14225,1
14226,1
14227,1
14228,1
14229,0
14230,1
14231,1
14232,1
14233,1
14234,0
14235,1
14236,1
14237,1
14238,1
14239,0
14240,1
14241,1
14242,1
14243,1
14244,0
14245,1
14246,1
14247,1
14248,1
14249,0
14250,1
14251,1
14252,1
14253,1
14254,0
14255,1
14256,1
14257,1
14258,1
14259,0
14260,1
14261,1
14262,1
14263,1
14264,0
14265,1
14266,1
14267,1
14268,1
14269,0
14270,1
14271,1
14272,1
14273,1
14274,0
14275,1
14276,1
14277,1
14278,1
14279,0
14280,1
14281,1
14282,1
14283,1
14284,0
14285,1
14286,1
14287,1
14288,1
14289,0
14290,1
14291,1
14292,1
14293,1
14294,0
14295,1
14296,1
14297,1
14298,1
14299,0
14300,1
14301,1
14302,1
14303,1
14304,0
14305,1
14306,1
14307,1
14308,1
14309,0
14310,1
14311,1
14312,1
14313,1
14314,0
14315,1
14316,1
14317,1
14318,1
14319,0
14320,1
14321,1
14322,1
14323,1
14324,0
14325,1
14326,1
14327,1
14328,1
14329,0
14330,1
14331,1
14332,1
14333,1
14334,0
14335,1
14336,1
14337,1
14338,1
14339,0
14340,1
14341,1
14342,1
14343,1
14344,0
14345,1
14346,1
14347,1
14348,1
14349,0
14350,1
14351,1
14352,1
14353,1
14354,0
14355,1
14356,1
14357,1
14358,1
14359,0
14360,1
14361,1
14362,1
14363,1
14364,0
14365,1
14366,1
14367,1
14368,1
14369,0
14370,1
14371,1
14372,1
14373,1
14374,0
14375,1
14376,1
14377,1
14378,1
14379,0
14380,1
14381,1
14382,1
14383,1
14384,0
14385,1
14386,1
14387,1
14388,1
14389,0
14390,1
14391,1
14392,1
14393,1
14394,0
14395,1
14396,1
14397,1
14398,1
14399,0
14400,1
14401,1
14402,1
14403,1
14404,0
14405,1
14406,1
14407,1
14408,1
14409,0
14410,1
14411,1
14412,1
14413,1
14414,0
14415,1
14416,1
14417,1
14418,1
14419,0
14420,1
14421,1
14422,1
14423,1
14424,0
14425,1
14426,1
14427,1
14428,1
14429,0
14430,1
14431,1
14432,1
14433,1
14434,0
14435,1
14436,1
14437,1
14438,1
14439,0
14440,1
14441,1
14442,1
14443,1
14444,0
14445,1
14446,1
14447,1
14448,1
14449,0
14450,1
14451,1
14452,1
14453,1
14454,0
14455,1
14456,1
14457,1
14458,1
14459,0
14460,1
14461,1
14462,1
14463,1
14464,0
14465,1
14466,1
14467,1
14468,1
14469,0
14470,1
14471,1
14472,1
14473,1
14474,0
14475,1
14476,1
14477,1
14478,1
14479,0
14480,1
14481,1
14482,1
14483,1
14484,0
14485,1
14486,1
14487,1
14488,1
14489,0
14490,1
14491,1
14492,1
14493,1
14494,0
14495,1
14496,1
14497,1
14498,1
14499,0
14500,1
14501,1
14502,1
14503,1
14504,0
14505,1
14506,1
14507,1
14508,1
14509,0
14510,1
14511,1
14512,1
14513,1
14514,0
14515,1
14516,1
14517,1
14518,1
14519,0
14520,1
14521,1
14522,1
14523,1
14524,0
14525,1
14526,1
14527,1
14528,1
14529,0
14530,1
14531,1
14532,1
14533,1
14534,0
14535,1
14536,1
14537,1
14538,1
14539,0
14540,1
14541,1
14542,1
14543,1
14544,0
14545,1
14546,1
14547,1
14548,1
14549,0
14550,1
14551,1
14552,1
14553,1
14554,0
14555,1
14556,1
14557,1
14558,1
14559,0
14560,1
14561,1
14562,1
14563,1
14564,0
14565,1
14566,1
14567,1
14568,1
14569,0
14570,1
14571,1
14572,1
14573,1
14574,0
14575,1
14576,1
14577,1
14578,1
14579,0
14580,1
14581,1
14582,1
14583,1
14584,0
14585,1
14586,1
14587,1
14588,1
14589,0
14590,1
14591,1
14592,1
14593,1
14594,0
14595,1
14596,1
14597,1
14598,1
14599,0
14600,1
14601,1
14602,1
14603,1
14604,0
14605,1
14606,1
14607,1
14608,1
14609,0
14610,1
14611,1
14612,1
14613,1
14614,0
14615,1
14616,1
14617,1
14618,1
14619,0
14620,1
14621,1
14622,1
14623,1
14624,0
14625,1
14626,1
14627,1
14628,1
14629,0
14630,1
14631,1
14632,1
14633,1
14634,0
14635,1
14636,1
14637,1
14638,1
14639,0
14640,1
14641,1
14642,1
14643,1
14644,0
14645,1
14646,1
14647,1
14648,1
14649,0
14650,1
14651,1
14652,1
14653,1
14654,0
14655,1
14656,1
14657,1
14658,1
14659,0
14660,1
14661,1
14662,1
14663,1
14664,0
14665,1
14666,1
14667,1
14668,1
14669,0
14670,1
14671,1
14672,1
14673,1
14674,0
14675,1
14676,1
14677,1
14678,1
14679,0
14680,1
14681,1
14682,1
14683,1
14684,0
14685,1
14686,1
14687,1
14688,1
14689,0
14690,1
14691,1
14692,1
14693,1
14694,0
14695,1
14696,1
14697,1
14698,1
14699,0
14700,1
14701,1
14702,1
14703,1
14704,0
14705,1
14706,1
14707,1
14708,1
14709,0
14710,1
14711,1
14712,1
14713,1
14714,0
14715,1
14716,1
14717,1
14718,1
14719,0
14720,1
14721,1
14722,1
14723,1
14724,0
14725,1
14726,1
14727,1
14728,1
14729,0
14730,1
14731,1
14732,1
14733,1
14734,0
14735,1
14736,1
14737,1
14738,1
14739,0
14740,1
14741,1
14742,1
14743,1
14744,0
14745,1
14746,1
14747,1
14748,1
14749,0
14750,1
14751,1
14752,1
14753,1
14754,0
14755,1
14756,1
14757,1
14758,1
14759,0
14760,1
14761,1
14762,1
14763,1
14764,0
14765,1
14766,1
14767,1
14768,1
14769,0
14770,1
14771,1
14772,1
14773,1
14774,0
14775,1
14776,1
14777,1
14778,1
14779,0
14780,1
14781,1
14782,1
14783,1
14784,0
14785,1
14786,1
14787,1
14788,1
14789,0
14790,1
14791,1
14792,1
14793,1
14794,0
14795,1
14796,1
14797,1
14798,1
14799,0
14800,1
14801,1
14802,1
14803,1
14804,0
14805,1
14806,1
14807,1
14808,1
14809,0
14810,1
14811,1
14812,1
14813,1
14814,0
14815,1
14816,1
14817,1
14818,1
14819,0
14820,1
14821,1
14822,1
14823,1
14824,0
14825,1
14826,1
14827,1
14828,1
14829,0
14830,1
14831,1
14832,1
14833,1
14834,0
14835,1
14836,1
14837,1
14838,1
14839,0
14840,1
14841,1
14842,1
14843,1
14844,0
14845,1
14846,1
14847,1
14848,1
14849,0
14850,1
14851,1
14852,1
14853,1
14854,0
14855,1
14856,1
14857,1
14858,1
14859,0
14860,1
14861,1
14862,1
14863,1
14864,0
14865,1
14866,1
14867,1
14868,1
14869,0
14870,1
14871,1
14872,1
14873,1
14874,0
14875,1
14876,1
14877,1
14878,1
14879,0
14880,1
14881,1
14882,1
14883,1
14884,0
14885,1
14886,1
14887,1
14888,1
14889,0
14890,1
14891,1
14892,1
14893,1
14894,0
14895,1
14896,1
14897,1
14898,1
14899,0
14900,1
14901,1
14902,1
14903,1
14904,0
14905,1
14906,1
14907,1
14908,1
14909,0
14910,1
14911,1
14912,1
14913,1
14914,0
14915,1
14916,1
14917,1
14918,1
14919,0
14920,1
14921,1
14922,1
14923,1
14924,0
14925,1
14926,1
14927,1
14928,1
14929,0
14930,1
14931,1
14932,1
14933,1
14934,0
14935,1
14936,1
14937,1
14938,1
14939,0
14940,1
14941,1
14942,1
14943,1
14944,0
14945,1
14946,1
14947,1
14948,1
14949,0
14950,1
14951,1
14952,1
14953,1
14954,0
14955,1
14956,1
14957,1
14958,1
14959,0
14960,1
14961,1
14962,1
14963,1
14964,0
14965,1
14966,1
14967,1
14968,1
14969,0
14970,1
14971,1
14972,1
14973,1
14974,0
14975,1
14976,1
14977,1
14978,1
14979,0
14980,1
14981,1
14982,1
14983,1
14984,0
14985,1
14986,1
14987,1
14988,1
14989,0
14990,1
14991,1
14992,1
14993,1
14994,0
14995,1
14996,1
14997,1
14998,1
14999,0
15000,1
15001,1
15002,1
15003,1
15004,0
15005,1
15006,1
15007,1
15008,1
15009,0
15010,1
15011,1
15012,1
15013,1
15014,0
15015,1
15016,1
15017,1
15018,1
15019,0
15020,1
15021,1
15022,1
15023,1
15024,0
15025,1
15026,1
15027,1
15028,1
15029,0
15030,1
15031,1
15032,1
15033,1
15034,0
15035,1
15036,1
15037,1
15038,1
15039,0
15040,1
15041,1
15042,1
15043,1
15044,0
15045,1
15046,1
15047,1
15048,1
15049,0
15050,1
15051,1
15052,1
15053,1
15054,0
15055,1
15056,1
15057,1
15058,1
15059,0
15060,1
15061,1
15062,1
15063,1
15064,0
15065,1
15066,1
15067,1
15068,1
15069,0
15070,1
15071,1
15072,1
15073,1
15074,0
15075,1
15076,1
15077,1
15078,1
15079,0
15080,1
15081,1
15082,1
15083,1
15084,0
15085,1
15086,1
15087,1
15088,1
15089,0
15090,1
15091,1
15092,1
15093,1
15094,0
15095,1
15096,1
15097,1
15098,1
15099,0
15100,1
15101,1
15102,1
15103,1
15104,0
15105,1
15106,1
15107,1
15108,1
15109,0
15110,1
15111,1
15112,1
15113,1
15114,0
15115,1
15116,1
15117,1
15118,1
15119,0
15120,1
15121,1
15122,1
15123,1
15124,0
15125,1
15126,1
15127,1
15128,1
15129,0
15130,1
15131,1
15132,1
15133,1
15134,0
15135,1
15136,1
15137,1
15138,1
15139,0
15140,1
15141,1
15142,1
15143,1
15144,0
15145,1
15146,1
15147,1
15148,1
15149,0
15150,1
15151,1
15152,1
15153,1
15154,0
15155,1
15156,1
15157,1
15158,1
15159,0
15160,1
15161,1
15162,1
15163,1
15164,0
15165,1
15166,1
15167,1
15168,1
15169,0
15170,1
15171,1
15172,1
15173,1
15174,0
15175,1
15176,1
15177,1
15178,1
15179,0
15180,1
15181,1
15182,1
15183,1
15184,0
15185,1
15186,1
15187,1
15188,1
15189,0
15190,1
15191,1
15192,1
15193,1
15194,0
15195,1
15196,1
15197,1
15198,1
15199,0
15200,1
15201,1
15202,1
15203,1
15204,0
15205,1
15206,1
15207,1
15208,1
15209,0
15210,1
15211,1
15212,1
15213,1
15214,0
15215,1
15216,1
15217,1
15218,1
15219,0
15220,1
15221,1
15222,1
15223,1
15224,0
15225,1
15226,1
15227,1
15228,1
15229,0
15230,1
15231,1
15232,1
15233,1
15234,0
15235,1
15236,1
15237,1
15238,1
15239,0
15240,1
15241,1
15242,1
15243,1
15244,0
15245,1
15246,1
15247,1
15248,1
15249,0
15250,1
15251,1
15252,1
15253,1
15254,0
15255,1
15256,1
15257,1
15258,1
15259,0
15260,1
15261,1
15262,1
15263,1
15264,0
15265,1
15266,1
15267,1
15268,1
15269,0
15270,1
15271,1
15272,1
15273,1
15274,0
15275,1
15276,1
15277,1
15278,1
15279,0
15280,1
15281,1
15282,1
15283,1
15284,0
15285,1
15286,1
15287,1
15288,1
15289,0
15290,1
15291,1
15292,1
15293,1
15294,0
15295,1
15296,1
15297,1
15298,1
15299,0
15300,1
15301,1
15302,1
15303,1
15304,0
15305,1
15306,1
15307,1
15308,1
15309,0
15310,1
15311,1
15312,1
15313,1
15314,0
15315,1
15316,1
15317,1
15318,1
15319,0
15320,1
15321,1
15322,1
15323,1
15324,0
15325,1
15326,1
15327,1
15328,1
15329,0
15330,1
15331,1
15332,1
15333,1
15334,0
15335,1
15336,1
15337,1
15338,1
15339,0
15340,1
15341,1
15342,1
15343,1
15344,0
15345,1
15346,1
15347,1
15348,1
15349,0
15350,1
15351,1
15352,1
15353,1
15354,0
15355,1
15356,1
15357,1
15358,1
15359,0
15360,1
15361,1
15362,1
15363,1
15364,0
15365,1
15366,1
15367,1
15368,1
15369,0
15370,1
15371,1
15372,1
15373,1
15374,0
15375,1
15376,1
15377,1
15378,1
15379,0
15380,1
15381,1
15382,1
15383,1
15384,0
15385,1
15386,1
15387,1
15388,1
15389,0
15390,1
15391,1
15392,1
15393,1
15394,0
15395,1
15396,1
15397,1
15398,1
15399,0
15400,1
15401,1
15402,1
15403,1
15404,0
15405,1
15406,1
15407,1
15408,1
15409,0
15410,1
15411,1
15412,1
15413,1
15414,0
15415,1
15416,1
15417,1
15418,1
15419,0
15420,1
15421,1
15422,1
15423,1
15424,0
15425,1
15426,1
15427,1
15428,1
15429,0
15430,1
15431,1
15432,1
15433,1
15434,0
15435,1
15436,1
15437,1
15438,1
15439,0
15440,1
15441,1
15442,1
15443,1
15444,0
15445,1
15446,1
15447,1
15448,1
15449,0
15450,1
15451,1
15452,1
15453,1
15454,0
15455,1
15456,1
15457,1
15458,1
15459,0
15460,1
15461,1
15462,1
15463,1
15464,0
15465,1
15466,1
15467,1
15468,1
15469,0
15470,1
15471,1
15472,1
15473,1
15474,0
15475,1
15476,1
15477,1
15478,1
15479,0
15480,1
15481,1
15482,1
15483,1
15484,0
15485,1
15486,1
15487,1
15488,1
15489,0
15490,1
15491,1
15492,1
15493,1
15494,0
15495,1
15496,1
15497,1
15498,1
15499,0
15500,1
15501,1
15502,1
15503,1
15504,0
15505,1
15506,1
15507,1
15508,1
15509,0
15510,1
15511,1
15512,1
15513,1
15514,0
15515,1
15516,1
15517,1
15518,1
15519,0
15520,1
15521,1
15522,1
15523,1
15524,0
15525,1
15526,1
15527,1
15528,1
15529,0
15530,1
15531,1
15532,1
15533,1
15534,0
15535,1
15536,1
15537,1
15538,1
15539,0
15540,1
15541,1
15542,1
15543,1
15544,0
15545,1
15546,1
15547,1
15548,1
15549,0
15550,1
15551,1
15552,1
15553,1
15554,0
15555,1
15556,1
15557,1
15558,1
15559,0
15560,1
15561,1
15562,1
15563,1
15564,0
15565,1
15566,1
15567,1
15568,1
15569,0
15570,1
15571,1
15572,1
15573,1
15574,0
15575,1
15576,1
15577,1
15578,1
15579,0
15580,1
15581,1
15582,1
15583,1
15584,0
15585,1
15586,1
15587,1
15588,1
15589,0
15590,1
15591,1
15592,1
15593,1
15594,0
15595,1
15596,1
15597,1
15598,1
15599,0
15600,1
15601,1
15602,1
15603,1
15604,0
15605,1
15606,1
15607,1
15608,1
15609,0
15610,1
15611,1
15612,1
15613,1
15614,0
15615,1
15616,1
15617,1
15618,1
15619,0
15620,1
15621,1
15622,1
15623,1
15624,0
15625,1
15626,1
15627,1
15628,1
15629,0
15630,1
15631,1
15632,1
15633,1
15634,0
15635,1
15636,1
15637,1
15638,1
15639,0
15640,1
15641,1
15642,1
15643,1
15644,0
15645,1
15646,1
15647,1
15648,1
15649,0
15650,1
15651,1
15652,1
15653,1
15654,0
15655,1
15656,1
15657,1
15658,1
15659,0
15660,1
15661,1
15662,1
15663,1
15664,0
15665,1
15666,1
15667,1
15668,1
15669,0
15670,1
15671,1
15672,1
15673,1
15674,0
15675,1
15676,1
15677,1
15678,1
15679,0
15680,1
15681,1
15682,1
15683,1
15684,0
15685,1
15686,1
15687,1
15688,1
15689,0
15690,1
15691,1
15692,1
15693,1
15694,0
15695,1
15696,1
15697,1
15698,1
15699,0
15700,1
15701,1
15702,1
15703,1
15704,0
15705,1
15706,1
15707,1
15708,1
15709,0
15710,1
15711,1
15712,1
15713,1
15714,0
15715,1
15716,1
15717,1
15718,1
15719,0
15720,1
15721,1
15722,1
15723,1
15724,0
15725,1
15726,1
15727,1
15728,1
15729,0
15730,1
15731,1
15732,1
15733,1
15734,0
15735,1
15736,1
15737,1
15738,1
15739,0
15740,1
15741,1
15742,1
15743,1
15744,0
15745,1
15746,1
15747,1
15748,1
15749,0
15750,1
15751,1
15752,1
15753,1
15754,0
15755,1
15756,1
15757,1
15758,1
15759,0
15760,1
15761,1
15762,1
15763,1
15764,0
15765,1
15766,1
15767,1
15768,1
15769,0
15770,1
15771,1
15772,1
15773,1
15774,0
15775,1
15776,1
15777,1
15778,1
15779,0
15780,1
15781,1
15782,1
15783,1
15784,0
15785,1
15786,1
15787,1
15788,1
15789,0
15790,1
15791,1
15792,1
15793,1
15794,0
15795,1
15796,1
15797,1
15798,1
15799,0
15800,1
15801,1
15802,1
15803,1
15804,0
15805,1
15806,1
15807,1
15808,1
15809,0
15810,1
15811,1
15812,1
15813,1
15814,0
15815,1
15816,1
15817,1
15818,1
15819,0
15820,1
15821,1
15822,1
15823,1
15824,0
15825,1
15826,1
15827,1
15828,1
15829,0
15830,1
15831,1
15832,1
15833,1
15834,0
15835,1
15836,1
15837,1
15838,1
15839,0
15840,1
15841,1
15842,1
15843,1
15844,0
15845,1
15846,1
15847,1
15848,1
15849,0
15850,1
15851,1
15852,1
15853,1
15854,0
15855,1
15856,1
15857,1
15858,1
15859,0
15860,1
15861,1
15862,1
15863,1
15864,0
15865,1
15866,1
15867,1
15868,1
15869,0
15870,1
15871,1
15872,1
15873,1
15874,0
15875,1
15876,1
15877,1
15878,1
15879,0
15880,1
15881,1
15882,1
15883,1
15884,0
15885,1
15886,1
15887,1
15888,1
15889,0
15890,1
15891,1
15892,1
15893,1
15894,0
15895,1
15896,1
15897,1
15898,1
15899,0
15900,1
15901,1
15902,1
15903,1
15904,0
15905,1
15906,1
15907,1
15908,1
15909,0
15910,1
15911,1
15912,1
15913,1
15914,0
15915,1
15916,1
15917,1
15918,1
15919,0
15920,1
15921,1
15922,1
15923,1
15924,0
15925,1
15926,1
15927,1
15928,1
15929,0
15930,1
15931,1
15932,1
15933,1
15934,0
15935,1
15936,1
15937,1
15938,1
15939,0
15940,1
15941,1
15942,1
15943,1
15944,0
15945,1
15946,1
15947,1
15948,1
15949,0
15950,1
15951,1
15952,1
15953,1
15954,0
15955,1
15956,1
15957,1
15958,1
15959,0
15960,1
15961,1
15962,1
15963,1
15964,0
15965,1
15966,1
15967,1
15968,1
15969,0
15970,1
15971,1
15972,1
15973,1
15974,0
15975,1
15976,1
15977,1
15978,1
15979,0
15980,1
15981,1
15982,1
15983,1
15984,0
15985,1
15986,1
15987,1
15988,1
15989,0
15990,1
15991,1
15992,1
15993,1
15994,0
15995,1
15996,1
15997,1
15998,1
15999,0
16000,1
16001,1
16002,1
16003,1
16004,0
16005,1
16006,1
16007,1
16008,1
16009,0
16010,1
16011,1
16012,1
16013,1
16014,0
16015,1
16016,1
16017,1
16018,1
16019,0
16020,1
16021,1
16022,1
16023,1
16024,0
16025,1
16026,1
16027,1
16028,1
16029,0
16030,1
16031,1
16032,1
16033,1
16034,0
16035,1
16036,1
16037,1
16038,1
16039,0
16040,1
16041,1
16042,1
16043,1
16044,0
16045,1
16046,1
16047,1
16048,1
16049,0
16050,1
16051,1
16052,1
16053,1
16054,0
16055,1
16056,1
16057,1
16058,1
16059,0
16060,1
16061,1
16062,1
16063,1
16064,0
16065,1
16066,1
16067,1
16068,1
16069,0
16070,1
16071,1
16072,1
16073,1
16074,0
16075,1
16076,1
16077,1
16078,1
16079,0
16080,1
16081,1
16082,1
16083,1
16084,0
16085,1
16086,1
16087,1
16088,1
16089,0
16090,1
16091,1
16092,1
16093,1
16094,0
16095,1
16096,1
16097,1
16098,1
16099,0
16100,1
16101,1
16102,1
16103,1
16104,0
16105,1
16106,1
16107,1
16108,1
16109,0
16110,1
16111,1
16112,1
16113,1
16114,0
16115,1
16116,1
16117,1
16118,1
16119,0
16120,1
16121,1
16122,1
16123,1
16124,0
16125,1
16126,1
16127,1
16128,1
16129,0
16130,1
16131,1
16132,1
16133,1
16134,0
16135,1
16136,1
16137,1
16138,1
16139,0
16140,1
16141,1
16142,1
16143,1
16144,0
16145,1
16146,1
16147,1
16148,1
16149,0
16150,1
16151,1
16152,1
16153,1
16154,0
16155,1
16156,1
16157,1
16158,1
16159,0
16160,1
16161,1
16162,1
16163,1
16164,0
16165,1
16166,1
16167,1
16168,1
16169,0
16170,1
16171,1
16172,1
16173,1
16174,0
16175,1
16176,1
16177,1
16178,1
16179,0
16180,1
16181,1
16182,1
16183,1
16184,0
16185,1
16186,1
16187,1
16188,1
16189,0
16190,1
16191,1
16192,1
16193,1
16194,0
16195,1
16196,1
16197,1
16198,1
16199,0
16200,1
16201,1
16202,1
16203,1
16204,0
16205,1
16206,1
16207,1
16208,1
16209,0
16210,1
16211,1
16212,1
16213,1
16214,0
16215,1
16216,1
16217,1
16218,1
16219,0
16220,1
16221,1
16222,1
16223,1
16224,0
16225,1
16226,1
16227,1
16228,1
16229,0
16230,1
16231,1
16232,1
16233,1
16234,0
16235,1
16236,1
16237,1
16238,1
16239,0
16240,1
16241,1
16242,1
16243,1
16244,0
16245,1
16246,1
16247,1
16248,1
16249,0
16250,1
16251,1
16252,1
16253,1
16254,0
16255,1
16256,1
16257,1
16258,1
16259,0
16260,1
16261,1
16262,1
16263,1
16264,0
16265,1
16266,1
16267,1
16268,1
16269,0
16270,1
16271,1
16272,1
16273,1
16274,0
16275,1
16276,1
16277,1
16278,1
16279,0
16280,1
16281,1
16282,1
16283,1
16284,0
16285,1
16286,1
16287,1
16288,1
16289,0
16290,1
16291,1
16292,1
16293,1
16294,0
16295,1
16296,1
16297,1
16298,1
16299,0
16300,1
16301,1
16302,1
16303,1
16304,0
16305,1
16306,1
16307,1
16308,1
16309,0
16310,1
16311,1
16312,1
16313,1
16314,0
16315,1
16316,1
16317,1
16318,1
16319,0
16320,1
16321,1
16322,1
16323,1
16324,0
16325,1
16326,1
16327,1
16328,1
16329,0
16330,1
16331,1
16332,1
16333,1
16334,0
16335,1
16336,1
16337,1
16338,1
16339,0
16340,1
16341,1
16342,1
16343,1
16344,0
16345,1
16346,1
16347,1
16348,1
16349,0
16350,1
16351,1
16352,1
16353,1
16354,0
16355,1
16356,1
16357,1
16358,1
16359,0
16360,1
16361,1
16362,1
16363,1
16364,0
16365,1
16366,1
16367,1
16368,1
16369,0
16370,1
16371,1
16372,1
16373,1
16374,0
16375,1
16376,1
16377,1
16378,1
16379,0
16380,1
16381,1
16382,1
16383,1
16384,0
16385,1
16386,1
16387,1
16388,1
16389,0
16390,1
16391,1
16392,1
16393,1
16394,0
16395,1
16396,1
16397,1
16398,1
16399,0
16400,1
16401,1
16402,1
16403,1
16404,0
16405,1
16406,1
16407,1
16408,1
16409,0
16410,1
16411,1
16412,1
16413,1
16414,0
16415,1
16416,1
16417,1
16418,1
16419,0
16420,1
16421,1
16422,1
16423,1
16424,0
16425,1
16426,1
16427,1
16428,1
16429,0
16430,1
16431,1
16432,1
16433,1
16434,0
16435,1
16436,1
16437,1
16438,1
16439,0
16440,1
16441,1
16442,1
16443,1
16444,0
16445,1
16446,1
16447,1
16448,1
16449,0
16450,1
16451,1
16452,1
16453,1
16454,0
16455,1
16456,1
16457,1
16458,1
16459,0
16460,1
16461,1
16462,1
16463,1
16464,0
16465,1
16466,1
16467,1
16468,1
16469,0
16470,1
16471,1
16472,1
16473,1
16474,0
16475,1
16476,1
16477,1
16478,1
16479,0
16480,1
16481,1
16482,1
16483,1
16484,0
16485,1
16486,1
16487,1
16488,1
16489,0
16490,1
16491,1
16492,1
16493,1
16494,0
16495,1
16496,1
16497,1
16498,1
16499,0
16500,1
16501,1
16502,1
16503,1
16504,0
16505,1
16506,1
16507,1
16508,1
16509,0
16510,1
16511,1
16512,1
16513,1
16514,0
16515,1
16516,1
16517,1
16518,1
16519,0
16520,1
16521,1
16522,1
16523,1
16524,0
16525,1
16526,1
16527,1
16528,1
16529,0
16530,1
16531,1
16532,1
16533,1
16534,0
16535,1
16536,1
16537,1
16538,1
16539,0
16540,1
16541,1
16542,1
16543,1
16544,0
16545,1
16546,1
16547,1
16548,1
16549,0
16550,1
16551,1
16552,1
16553,1
16554,0
16555,1
16556,1
16557,1
16558,1
16559,0
16560,1
16561,1
16562,1
16563,1
16564,0
16565,1
16566,1
16567,1
16568,1
16569,0
16570,1
16571,1
16572,1
16573,1
16574,0
16575,1
16576,1
16577,1
16578,1
16579,0
16580,1
16581,1
16582,1
16583,1
16584,0
16585,1
16586,1
16587,1
16588,1
16589,0
16590,1
16591,1
16592,1
16593,1
16594,0
16595,1
16596,1
16597,1
16598,1
16599,0
16600,1
16601,1
16602,1
16603,1
16604,0
16605,1
16606,1
16607,1
16608,1
16609,0
16610,1
16611,1
16612,1
16613,1
16614,0
16615,1
16616,1
16617,1
16618,1
16619,0
16620,1
16621,1
16622,1
16623,1
16624,0
16625,1
16626,1
16627,1
16628,1
16629,0
16630,1
16631,1
16632,1
16633,1
16634,0
16635,1
16636,1
16637,1
16638,1
16639,0
16640,1
16641,1
16642,1
16643,1
16644,0
16645,1
16646,1
16647,1
16648,1
16649,0
16650,1
16651,1
16652,1
16653,1
16654,0
16655,1
16656,1
16657,1
16658,1
16659,0
16660,1
16661,1
16662,1
16663,1
16664,0
16665,1
16666,1
16667,1
16668,1
16669,0
16670,1
16671,1
16672,1
16673,1
16674,0
16675,1
16676,1
16677,1
16678,1
16679,0
16680,1
16681,1
16682,1
16683,1
16684,0
16685,1
16686,1
16687,1
16688,1
16689,0
16690,1
16691,1
16692,1
16693,1
16694,0
16695,1
16696,1
16697,1
16698,1
16699,0
16700,1
16701,1
16702,1
16703,1
16704,0
16705,1
16706,1
16707,1
16708,1
16709,0
16710,1
16711,1
16712,1
16713,1
16714,0
16715,1
16716,1
16717,1
16718,1
16719,0
16720,1
16721,1
16722,1
16723,1
16724,0
16725,1
16726,1
16727,1
16728,1
16729,0
16730,1
16731,1
16732,1
16733,1
16734,0
16735,1
16736,1
16737,1
16738,1
16739,0
16740,1
16741,1
16742,1
16743,1
16744,0
16745,1
16746,1
16747,1
16748,1
16749,0
16750,1
16751,1
16752,1
16753,1
16754,0
16755,1
16756,1
16757,1
16758,1
16759,0
16760,1
16761,1
16762,1
16763,1
16764,0
16765,1
16766,1
16767,1
16768,1
16769,0
16770,1
16771,1
16772,1
16773,1
16774,0
16775,1
16776,1
16777,1
16778,1
16779,0
16780,1
16781,1
16782,1
16783,1
16784,0
16785,1
16786,1
16787,1
16788,1
16789,0
16790,1
16791,1
16792,1
16793,1
16794,0
16795,1
16796,1
16797,1
16798,1
16799,0
16800,1
16801,1
16802,1
16803,1
16804,0
16805,1
16806,1
16807,1
16808,1
16809,0
16810,1
16811,1
16812,1
16813,1
16814,0
16815,1
16816,1
16817,1
16818,1
16819,0
16820,1
16821,1
16822,1
16823,1
16824,0
16825,1
16826,1
16827,1
16828,1
16829,0
16830,1
16831,1
16832,1
16833,1
16834,0
16835,1
16836,1
16837,1
16838,1
16839,0
16840,1
16841,1
16842,1
16843,1
16844,0
16845,1
16846,1
16847,1
16848,1
16849,0
16850,1
16851,1
16852,1
16853,1
16854,0
16855,1
16856,1
16857,1
16858,1
16859,0
16860,1
16861,1
16862,1
16863,1
16864,0
16865,1
16866,1
16867,1
16868,1
16869,0
16870,1
16871,1
16872,1
16873,1
16874,0
16875,1
16876,1
16877,1
16878,1
16879,0
16880,1
16881,1
16882,1
16883,1
16884,0
16885,1
16886,1
16887,1
16888,1
16889,0
16890,1
16891,1
16892,1
16893,1
16894,0
16895,1
16896,1
16897,1
16898,1
16899,0
16900,1
16901,1
16902,1
16903,1
16904,0
16905,1
16906,1
16907,1
16908,1
16909,0
16910,1
16911,1
16912,1
16913,1
16914,0
16915,1
16916,1
16917,1
16918,1
16919,0
16920,1
16921,1
16922,1
16923,1
16924,0
16925,1
16926,1
16927,1
16928,1
16929,0
16930,1
16931,1
16932,1
16933,1
16934,0
16935,1
16936,1
16937,1
16938,1
16939,0
16940,1
16941,1
16942,1
16943,1
16944,0
16945,1
16946,1
16947,1
16948,1
16949,0
16950,1
16951,1
16952,1
16953,1
16954,0
16955,1
16956,1
16957,1
16958,1
16959,0
16960,1
16961,1
16962,1
16963,1
16964,0
16965,1
16966,1
16967,1
16968,1
16969,0
16970,1
16971,1
16972,1
16973,1
16974,0
16975,1
16976,1
16977,1
16978,1
16979,0
16980,1
16981,1
16982,1
16983,1
16984,0
16985,1
16986,1
16987,1
16988,1
16989,0
16990,1
16991,1
16992,1
16993,1
16994,0
16995,1
16996,1
16997,1
16998,1
16999,0
17000,1
17001,1
17002,1
17003,1
17004,0
17005,1
17006,1
17007,1
17008,1
17009,0
17010,1
17011,1
17012,1
17013,1
17014,0
17015,1
17016,1
17017,1
17018,1
17019,0
17020,1
17021,1
17022,1
17023,1
17024,0
17025,1
17026,1
17027,1
17028,1
17029,0
17030,1
17031,1
17032,1
17033,1
17034,0
17035,1
17036,1
17037,1
17038,1
17039,0
17040,1
17041,1
17042,1
17043,1
17044,0
17045,1
17046,1
17047,1
17048,1
17049,0
17050,1
17051,1
17052,1
17053,1
17054,0
17055,1
17056,1
17057,1
17058,1
17059,0
17060,1
17061,1
17062,1
17063,1
17064,0
17065,1
17066,1
17067,1
17068,1
17069,0
17070,1
17071,1
17072,1
17073,1
17074,0
17075,1
17076,1
17077,1
17078,1
17079,0
17080,1
17081,1
17082,1
17083,1
17084,0
17085,1
17086,1
17087,1
17088,1
17089,0
17090,1
17091,1
17092,1
17093,1
17094,0
17095,1
17096,1
17097,1
17098,1
17099,0
17100,1
17101,1
17102,1
17103,1
17104,0
17105,1
17106,1
17107,1
17108,1
17109,0
17110,1
17111,1
17112,1
17113,1
17114,0
17115,1
17116,1
17117,1
17118,1
17119,0
17120,1
17121,1
17122,1
17123,1
17124,0
17125,1
17126,1
17127,1
17128,1
17129,0
17130,1
17131,1
17132,1
17133,1
17134,0
17135,1
17136,1
17137,1
17138,1
17139,0
17140,1
17141,1
17142,1
17143,1
17144,0
17145,1
17146,1
17147,1
17148,1
17149,0
17150,1
17151,1
17152,1
17153,1
17154,0
17155,1
17156,1
17157,1
17158,1
17159,0
17160,1
17161,1
17162,1
17163,1
17164,0
17165,1
17166,1
17167,1
17168,1
17169,0
17170,1
17171,1
17172,1
17173,1
17174,0
17175,1
17176,1
17177,1
17178,1
17179,0
17180,1
17181,1
17182,1
17183,1
17184,0
17185,1
17186,1
17187,1
17188,1
17189,0
17190,1
17191,1
17192,1
17193,1
17194,0
17195,1
17196,1
17197,1
17198,1
17199,0
17200,1
17201,1
17202,1
17203,1
17204,0
17205,1
17206,1
17207,1
17208,1
17209,0
17210,1
17211,1
17212,1
17213,1
17214,0
17215,1
17216,1
17217,1
17218,1
17219,0
17220,1
17221,1
17222,1
17223,1
17224,0
17225,1
17226,1
17227,1
17228,1
17229,0
17230,1
17231,1
17232,1
17233,1
17234,0
17235,1
17236,1
17237,1
17238,1
17239,0
17240,1
17241,1
17242,1
17243,1
17244,0
17245,1
17246,1
17247,1
17248,1
17249,0
17250,1
17251,1
17252,1
17253,1
17254,0
17255,1
17256,1
17257,1
17258,1
17259,0
17260,1
17261,1
17262,1
17263,1
17264,0
17265,1
17266,1
17267,1
17268,1
17269,0
17270,1
17271,1
17272,1
17273,1
17274,0
17275,1
17276,1
17277,1
17278,1
17279,0
17280,1
17281,1
17282,1
17283,1
17284,0
17285,1
17286,1
17287,1
17288,1
17289,0
17290,1
17291,1
17292,1
17293,1
17294,0
17295,1
17296,1
17297,1
17298,1
17299,0
17300,1
17301,1
17302,1
17303,1
17304,0
17305,1
17306,1
17307,1
17308,1
17309,0
17310,1
17311,1
17312,1
17313,1
17314,0
17315,1
17316,1
17317,1
17318,1
17319,0
17320,1
17321,1
17322,1
17323,1
17324,0
17325,1
17326,1
17327,1
17328,1
17329,0
17330,1
17331,1
17332,1
17333,1
17334,0
17335,1
17336,1
17337,1
17338,1
17339,0
17340,1
17341,1
17342,1
17343,1
17344,0
17345,1
17346,1
17347,1
17348,1
17349,0
17350,1
17351,1
17352,1
17353,1
17354,0
17355,1
17356,1
17357,1
17358,1
17359,0
17360,1
17361,1
17362,1
17363,1
17364,0
17365,1
17366,1
17367,1
17368,1
17369,0
17370,1
17371,1
17372,1
17373,1
17374,0
17375,1
17376,1
17377,1
17378,1
17379,0
17380,1
17381,1
17382,1
17383,1
17384,0
17385,1
17386,1
17387,1
17388,1
17389,0
17390,1
17391,1
17392,1
17393,1
17394,0
17395,1
17396,1
17397,1
17398,1
17399,0
17400,1
17401,1
17402,1
17403,1
17404,0
17405,1
17406,1
17407,1
17408,1
17409,0
17410,1
17411,1
17412,1
17413,1
17414,0
17415,1
17416,1
17417,1
17418,1
17419,0
17420,1
17421,1
17422,1
17423,1
17424,0
17425,1
17426,1
17427,1
17428,1
17429,0
17430,1
17431,1
17432,1
17433,1
17434,0
17435,1
17436,1
17437,1
17438,1
17439,0
17440,1
17441,1
17442,1
17443,1
17444,0
17445,1
17446,1
17447,1
17448,1
17449,0
17450,1
17451,1
17452,1
17453,1
17454,0
17455,1
17456,1
17457,1
17458,1
17459,0
17460,1
17461,1
17462,1
17463,1
17464,0
17465,1
17466,1
17467,1
17468,1
17469,0
17470,1
17471,1
17472,1
17473,1
17474,0
17475,1
17476,1
17477,1
17478,1
17479,0
17480,1
17481,1
17482,1
17483,1
17484,0
17485,1
17486,1
17487,1
17488,1
17489,0
17490,1
17491,1
17492,1
17493,1
17494,0
17495,1
17496,1
17497,1
17498,1
17499,0
17500,1
17501,1
17502,1
17503,1
17504,0
17505,1
17506,1
17507,1
17508,1
17509,0
17510,1
17511,1
17512,1
17513,1
17514,0
17515,1
17516,1
17517,1
17518,1
17519,0
17520,1
17521,1
17522,1
17523,1
17524,0
17525,1
17526,1
17527,1
17528,1
17529,0
17530,1
17531,1
17532,1
17533,1
17534,0
17535,1
17536,1
17537,1
17538,1
17539,0
17540,1
17541,1
17542,1
17543,1
17544,0
17545,1
17546,1
17547,1
17548,1
17549,0
17550,1
17551,1
17552,1
17553,1
17554,0
17555,1
17556,1
17557,1
17558,1
17559,0
17560,1
17561,1
17562,1
17563,1
17564,0
17565,1
17566,1
17567,1
17568,1
17569,0
17570,1
17571,1
17572,1
17573,1
17574,0
17575,1
17576,1
17577,1
17578,1
17579,0
17580,1
17581,1
17582,1
17583,1
17584,0
17585,1
17586,1
17587,1
17588,1
17589,0
17590,1
17591,1
17592,1
17593,1
17594,0
17595,1
17596,1
17597,1
17598,1
17599,0
17600,1
17601,1
17602,1
17603,1
17604,0
17605,1
17606,1
17607,1
17608,1
17609,0
17610,1
17611,1
17612,1
17613,1
17614,0
17615,1
17616,1
17617,1
17618,1
17619,0
17620,1
17621,1
17622,1
17623,1
17624,0
17625,1
17626,1
17627,1
17628,1
17629,0
17630,1
17631,1
17632,1
17633,1
17634,0
17635,1
17636,1
17637,1
17638,1
17639,0
17640,1
17641,1
17642,1
17643,1
17644,0
17645,1
17646,1
17647,1
17648,1
17649,0
17650,1
17651,1
17652,1
17653,1
17654,0
17655,1
17656,1
17657,1
17658,1
17659,0
17660,1
17661,1
17662,1
17663,1
17664,0
17665,1
17666,1
17667,1
17668,1
17669,0
17670,1
17671,1
17672,1
17673,1
17674,0
17675,1
17676,1
17677,1
17678,1
17679,0
17680,1
17681,1
17682,1
17683,1
17684,0
17685,1
17686,1
17687,1
17688,1
17689,0
17690,1
17691,1
17692,1
17693,1
17694,0
17695,1
17696,1
17697,1
17698,1
17699,0
17700,1
17701,1
17702,1
17703,1
17704,0
17705,1
17706,1
17707,1
17708,1
17709,0
17710,1
17711,1
17712,1
17713,1
17714,0
17715,1
17716,1
17717,1
17718,1
17719,0
17720,1
17721,1
17722,1
17723,1
17724,0
17725,1
17726,1
17727,1
17728,1
17729,0
17730,1
17731,1
17732,1
17733,1
17734,0
17735,1
17736,1
17737,1
17738,1
17739,0
17740,1
17741,1
17742,1
17743,1
17744,0
17745,1
17746,1
17747,1
17748,1
17749,0
17750,1
17751,1
17752,1
17753,1
17754,0
17755,1
17756,1
17757,1
17758,1
17759,0
17760,1
17761,1
17762,1
17763,1
17764,0
17765,1
17766,1
17767,1
17768,1
17769,0
17770,1
17771,1
17772,1
17773,1
17774,0
17775,1
17776,1
17777,1
17778,1
17779,0
17780,1
17781,1
17782,1
17783,1
17784,0
17785,1
17786,1
17787,1
17788,1
17789,0
17790,1
17791,1
17792,1
17793,1
17794,0
17795,1
17796,1
17797,1
17798,1
17799,0
17800,1
17801,1
17802,1
17803,1
17804,0
17805,1
17806,1
17807,1
17808,1
17809,0
17810,1
17811,1
17812,1
17813,1
17814,0
17815,1
17816,1
17817,1
17818,1
17819,0
17820,1
17821,1
17822,1
17823,1
17824,0
17825,1
17826,1
17827,1
17828,1
17829,0
17830,1
17831,1
17832,1
17833,1
17834,0
17835,1
17836,1
17837,1
17838,1
17839,0
17840,1
17841,1
17842,1
17843,1
17844,0
17845,1
17846,1
17847,1
17848,1
17849,0
17850,1
17851,1
17852,1
17853,1
17854,0
17855,1
17856,1
17857,1
17858,1
17859,0
17860,1
17861,1
17862,1
17863,1
17864,0
17865,1
17866,1
17867,1
17868,1
17869,0
17870,1
17871,1
17872,1
17873,1
17874,0
17875,1
17876,1
17877,1
17878,1
17879,0
17880,1
17881,1
17882,1
17883,1
17884,0
17885,1
17886,1
17887,1
17888,1
17889,0
17890,1
17891,1
17892,1
17893,1
17894,0
17895,1
17896,1
17897,1
17898,1
17899,0
17900,1
17901,1
17902,1
17903,1
17904,0
17905,1
17906,1
17907,1
17908,1
17909,0
17910,1
17911,1
17912,1
17913,1
17914,0
17915,1
17916,1
17917,1
17918,1
17919,0
17920,1
17921,1
17922,1
17923,1
17924,0
17925,1
17926,1
17927,1
17928,1
17929,0
17930,1
17931,1
17932,1
17933,1
17934,0
17935,1
17936,1
17937,1
17938,1
17939,0
17940,1
17941,1
17942,1
17943,1
17944,0
17945,1
17946,1
17947,1
17948,1
17949,0
17950,1
17951,1
17952,1
17953,1
17954,0
17955,1
17956,1
17957,1
17958,1
17959,0
17960,1
17961,1
17962,1
17963,1
17964,0
17965,1
17966,1
17967,1
17968,1
17969,0
17970,1
17971,1
17972,1
17973,1
17974,0
17975,1
17976,1
17977,1
17978,1
17979,0
17980,1
17981,1
17982,1
17983,1
17984,0
17985,1
17986,1
17987,1
17988,1
17989,0
17990,1
17991,1
17992,1
17993,1
17994,0
17995,1
17996,1
17997,1
17998,1
17999,0
18000,1
18001,1
18002,1
18003,1
18004,0
18005,1
18006,1
18007,1
18008,1
18009,0
18010,1
18011,1
18012,1
18013,1
18014,0
18015,1
18016,1
18017,1
18018,1
18019,0
18020,1
18021,1
18022,1
18023,1
18024,0
18025,1
18026,1
18027,1
18028,1
18029,0
18030,1
18031,1
18032,1
18033,1
18034,0
18035,1
18036,1
18037,1
18038,1
18039,0
18040,1
18041,1
18042,1
18043,1
18044,0
18045,1
18046,1
18047,1
18048,1
18049,0
18050,1
18051,1
18052,1
18053,1
18054,0
18055,1
18056,1
18057,1
18058,1
18059,0
18060,1
18061,1
18062,1
18063,1
18064,0
18065,1
18066,1
18067,1
18068,1
18069,0
18070,1
18071,1
18072,1
18073,1
18074,0
18075,1
18076,1
18077,1
18078,1
18079,0
18080,1
18081,1
18082,1
18083,1
18084,0
18085,1
18086,1
18087,1
18088,1
18089,0
18090,1
18091,1
18092,1
18093,1
18094,0
18095,1
18096,1
18097,1
18098,1
18099,0
18100,1
18101,1
18102,1
18103,1
18104,0
18105,1
18106,1
18107,1
18108,1
18109,0
18110,1
18111,1
18112,1
18113,1
18114,0
18115,1
18116,1
18117,1
18118,1
18119,0
18120,1
18121,1
18122,1
18123,1
18124,0
18125,1
18126,1
18127,1
18128,1
18129,0
18130,1
18131,1
18132,1
18133,1
18134,0
18135,1
18136,1
18137,1
18138,1
18139,0
18140,1
18141,1
18142,1
18143,1
18144,0
18145,1
18146,1
18147,1
18148,1
18149,0
18150,1
18151,1
18152,1
18153,1
18154,0
18155,1
18156,1
18157,1
18158,1
18159,0
18160,1
18161,1
18162,1
18163,1
18164,0
18165,1
18166,1
18167,1
18168,1
18169,0
18170,1
18171,1
18172,1
18173,1
18174,0
18175,1
18176,1
18177,1
18178,1
18179,0
18180,1
18181,1
18182,1
18183,1
18184,0
18185,1
18186,1
18187,1
18188,1
18189,0
18190,1
18191,1
18192,1
18193,1
18194,0
18195,1
18196,1
18197,1
18198,1
18199,0
18200,1
18201,1
18202,1
18203,1
18204,0
18205,1
18206,1
18207,1
18208,1
18209,0
18210,1
18211,1
18212,1
18213,1
18214,0
18215,1
18216,1
18217,1
18218,1
18219,0
18220,1
18221,1
18222,1
18223,1
18224,0
18225,1
18226,1
18227,1
18228,1
18229,0
18230,1
18231,1
18232,1
18233,1
18234,0
18235,1
18236,1
18237,1
18238,1
18239,0
18240,1
18241,1
18242,1
18243,1
18244,0
18245,1
18246,1
18247,1
18248,1
18249,0
18250,1
18251,1
18252,1
18253,1
18254,0
18255,1
18256,1
18257,1
18258,1
18259,0
18260,1
18261,1
18262,1
18263,1
18264,0
18265,1
18266,1
18267,1
18268,1
18269,0
18270,1
18271,1
18272,1
18273,1
18274,0
18275,1
18276,1
18277,1
18278,1
18279,0
18280,1
18281,1
18282,1
18283,1
18284,0
18285,1
18286,1
18287,1
18288,1
18289,0
18290,1
18291,1
18292,1
18293,1
18294,0
18295,1
18296,1
18297,1
18298,1
18299,0
18300,1
18301,1
18302,1
18303,1
18304,0
18305,1
18306,1
18307,1
18308,1
18309,0
18310,1
18311,1
18312,1
18313,1
18314,0
18315,1
18316,1
18317,1
18318,1
18319,0
18320,1
18321,1
18322,1
18323,1
18324,0
18325,1
18326,1
18327,1
18328,1
18329,0
18330,1
18331,1
18332,1
18333,1
18334,0
18335,1
18336,1
18337,1
18338,1
18339,0
18340,1
18341,1
18342,1
18343,1
18344,0
18345,1
18346,1
18347,1
18348,1
18349,0
18350,1
18351,1
18352,1
18353,1
18354,0
18355,1
18356,1
18357,1
18358,1
18359,0
18360,1
18361,1
18362,1
18363,1
18364,0
18365,1
18366,1
18367,1
18368,1
18369,0
18370,1
18371,1
18372,1
18373,1
18374,0
18375,1
18376,1
18377,1
18378,1
18379,0
18380,1
18381,1
18382,1
18383,1
18384,0
18385,1
18386,1
18387,1
18388,1
18389,0
18390,1
18391,1
18392,1
18393,1
18394,0
18395,1
18396,1
18397,1
18398,1
18399,0
18400,1
18401,1
18402,1
18403,1
18404,0
18405,1
18406,1
18407,1
18408,1
18409,0
18410,1
18411,1
18412,1
18413,1
18414,0
18415,1
18416,1
18417,1
18418,1
18419,0
18420,1
18421,1
18422,1
18423,1
18424,0
18425,1
18426,1
18427,1
18428,1
18429,0
18430,1
18431,1
18432,1
18433,1
18434,0
18435,1
18436,1
18437,1
18438,1
18439,0
18440,1
18441,1
18442,1
18443,1
18444,0
18445,1
18446,1
18447,1
18448,1
18449,0
18450,1
18451,1
18452,1
18453,1
18454,0
18455,1
18456,1
18457,1
18458,1
18459,0
18460,1
18461,1
18462,1
18463,1
18464,0
18465,1
18466,1
18467,1
18468,1
18469,0
18470,1
18471,1
18472,1
18473,1
18474,0
18475,1
18476,1
18477,1
18478,1
18479,0
18480,1
18481,1
18482,1
18483,1
18484,0
18485,1
18486,1
18487,1
18488,1
18489,0
18490,1
18491,1
18492,1
18493,1
18494,0
18495,1
18496,1
18497,1
18498,1
18499,0
18500,1
18501,1
18502,1
18503,1
18504,0
18505,1
18506,1
18507,1
18508,1
18509,0
18510,1
18511,1
18512,1
18513,1
18514,0
18515,1
18516,1
18517,1
18518,1
18519,0
18520,1
18521,1
18522,1
18523,1
18524,0
18525,1
18526,1
18527,1
18528,1
18529,0
18530,1
18531,1
18532,1
18533,1
18534,0
18535,1
18536,1
18537,1
18538,1
18539,0
18540,1
18541,1
18542,1
18543,1
18544,0
18545,1
18546,1
18547,1
18548,1
18549,0
18550,1
18551,1
18552,1
18553,1
18554,0
18555,1
18556,1
18557,1
18558,1
18559,0
18560,1
18561,1
18562,1
18563,1
18564,0
18565,1
18566,1
18567,1
18568,1
18569,0
18570,1
18571,1
18572,1
18573,1
18574,0
18575,1
18576,1
18577,1
18578,1
18579,0
18580,1
18581,1
18582,1
18583,1
18584,0
18585,1
18586,1
18587,1
18588,1
18589,0
18590,1
18591,1
18592,1
18593,1
18594,0
18595,1
18596,1
18597,1
18598,1
18599,0
18600,1
18601,1
18602,1
18603,1
18604,0
18605,1
18606,1
18607,1
18608,1
18609,0
18610,1
18611,1
18612,1
18613,1
18614,0
18615,1
18616,1
18617,1
18618,1
18619,0
18620,1
18621,1
18622,1
18623,1
18624,0
18625,1
18626,1
18627,1
18628,1
18629,0
18630,1
18631,1
18632,1
18633,1
18634,0
18635,1
18636,1
18637,1
18638,1
18639,0
18640,1
18641,1
18642,1
18643,1
18644,0
18645,1
18646,1
18647,1
18648,1
18649,0
18650,1
18651,1
18652,1
18653,1
18654,0
18655,1
18656,1
18657,1
18658,1
18659,0
18660,1
18661,1
18662,1
18663,1
18664,0
18665,1
18666,1
18667,1
18668,1
18669,0
18670,1
18671,1
18672,1
18673,1
18674,0
18675,1
18676,1
18677,1
18678,1
18679,0
18680,1
18681,1
18682,1
18683,1
18684,0
18685,1
18686,1
18687,1
18688,1
18689,0
18690,1
18691,1
18692,1
18693,1
18694,0
18695,1
18696,1
18697,1
18698,1
18699,0
18700,1
18701,1
18702,1
18703,1
18704,0
18705,1
18706,1
18707,1
18708,1
18709,0
18710,1
18711,1
18712,1
18713,1
18714,0
18715,1
18716,1
18717,1
18718,1
18719,0
18720,1
18721,1
18722,1
18723,1
18724,0
18725,1
18726,1
18727,1
18728,1
18729,0
18730,1
18731,1
18732,1
18733,1
18734,0
18735,1
18736,1
18737,1
18738,1
18739,0
18740,1
18741,1
18742,1
18743,1
18744,0
18745,1
18746,1
18747,1
18748,1
18749,0
18750,1
18751,1
18752,1
18753,1
18754,0
18755,1
18756,1
18757,1
18758,1
18759,0
18760,1
18761,1
18762,1
18763,1
18764,0
18765,1
18766,1
18767,1
18768,1
18769,0
18770,1
18771,1
18772,1
18773,1
18774,0
18775,1
18776,1
18777,1
18778,1
18779,0
18780,1
18781,1
18782,1
18783,1
18784,0
18785,1
18786,1
18787,1
18788,1
18789,0
18790,1
18791,1
18792,1
18793,1
18794,0
18795,1
18796,1
18797,1
18798,1
18799,0
18800,1
18801,1
18802,1
18803,1
18804,0
18805,1
18806,1
18807,1
18808,1
18809,0
18810,1
18811,1
18812,1
18813,1
18814,0
18815,1
18816,1
18817,1
18818,1
18819,0
18820,1
18821,1
18822,1
18823,1
18824,0
18825,1
18826,1
18827,1
18828,1
18829,0
18830,1
18831,1
18832,1
18833,1
18834,0
18835,1
18836,1
18837,1
18838,1
18839,0
18840,1
18841,1
18842,1
18843,1
18844,0
18845,1
18846,1
18847,1
18848,1
18849,0
18850,1
18851,1
18852,1
18853,1
18854,0
18855,1
18856,1
18857,1
18858,1
18859,0
18860,1
18861,1
18862,1
18863,1
18864,0
18865,1
18866,1
18867,1
18868,1
18869,0
18870,1
18871,1
18872,1
18873,1
18874,0
18875,1
18876,1
18877,1
18878,1
18879,0
18880,1
18881,1
18882,1
18883,1
18884,0
18885,1
18886,1
18887,1
18888,1
18889,0
18890,1
18891,1
18892,1
18893,1
18894,0
18895,1
18896,1
18897,1
18898,1
18899,0
18900,1
18901,1
18902,1
18903,1
18904,0
18905,1
18906,1
18907,1
18908,1
18909,0
18910,1
18911,1
18912,1
18913,1
18914,0
18915,1
18916,1
18917,1
18918,1
18919,0
18920,1
18921,1
18922,1
18923,1
18924,0
18925,1
18926,1
18927,1
18928,1
18929,0
18930,1
18931,1
18932,1
18933,1
18934,0
18935,1
18936,1
18937,1
18938,1
18939,0
18940,1
18941,1
18942,1
18943,1
18944,0
18945,1
18946,1
18947,1
18948,1
18949,0
18950,1
18951,1
18952,1
18953,1
18954,0
18955,1
18956,1
18957,1
18958,1
18959,0
18960,1
18961,1
18962,1
18963,1
18964,0
18965,1
18966,1
18967,1
18968,1
18969,0
18970,1
18971,1
18972,1
18973,1
18974,0
18975,1
18976,1
18977,1
18978,1
18979,0
18980,1
18981,1
18982,1
18983,1
18984,0
18985,1
18986,1
18987,1
18988,1
18989,0
18990,1
18991,1
18992,1
18993,1
18994,0
18995,1
18996,1
18997,1
18998,1
18999,0
19000,1
19001,1
19002,1
19003,1
19004,0
19005,1
19006,1
19007,1
19008,1
19009,0
19010,1
19011,1
19012,1
19013,1
19014,0
19015,1
19016,1
19017,1
19018,1
19019,0
19020,1
19021,1
19022,1
19023,1
19024,0
19025,1
19026,1
19027,1
19028,1
19029,0
19030,1
19031,1
19032,1
19033,1
19034,0
19035,1
19036,1
19037,1
19038,1
19039,0
19040,1
19041,1
19042,1
19043,1
19044,0
19045,1
19046,1
19047,1
19048,1
19049,0
19050,1
19051,1
19052,1
19053,1
19054,0
19055,1
19056,1
19057,1
19058,1
19059,0
19060,1
19061,1
19062,1
19063,1
19064,0
19065,1
19066,1
19067,1
19068,1
19069,0
19070,1
19071,1
19072,1
19073,1
19074,0
19075,1
19076,1
19077,1
19078,1
19079,0
19080,1
19081,1
19082,1
19083,1
19084,0
19085,1
19086,1
19087,1
19088,1
19089,0
19090,1
19091,1
19092,1
19093,1
19094,0
19095,1
19096,1
19097,1
19098,1
19099,0
19100,1
19101,1
19102,1
19103,1
19104,0
19105,1
19106,1
19107,1
19108,1
19109,0
19110,1
19111,1
19112,1
19113,1
19114,0
19115,1
19116,1
19117,1
19118,1
19119,0
19120,1
19121,1
19122,1
19123,1
19124,0
19125,1
19126,1
19127,1
19128,1
19129,0
19130,1
19131,1
19132,1
19133,1
19134,0
19135,1
19136,1
19137,1
19138,1
19139,0
19140,1
19141,1
19142,1
19143,1
19144,0
19145,1
19146,1
19147,1
19148,1
19149,0
19150,1
19151,1
19152,1
19153,1
19154,0
19155,1
19156,1
19157,1
19158,1
19159,0
19160,1
19161,1
19162,1
19163,1
19164,0
19165,1
19166,1
19167,1
19168,1
19169,0
19170,1
19171,1
19172,1
19173,1
19174,0
19175,1
19176,1
19177,1
19178,1
19179,0
19180,1
19181,1
19182,1
19183,1
19184,0
19185,1
19186,1
19187,1
19188,1
19189,0
19190,1
19191,1
19192,1
19193,1
19194,0
19195,1
19196,1
19197,1
19198,1
19199,0
19200,1
19201,1
19202,1
19203,1
19204,0
19205,1
19206,1
19207,1
19208,1
19209,0
19210,1
19211,1
19212,1
19213,1
19214,0
19215,1
19216,1
19217,1
19218,1
19219,0
19220,1
19221,1
19222,1
19223,1
19224,0
19225,1
19226,1
19227,1
19228,1
19229,0
19230,1
19231,1
19232,1
19233,1
19234,0
19235,1
19236,1
19237,1
19238,1
19239,0
19240,1
19241,1
19242,1
19243,1
19244,0
19245,1
19246,1
19247,1
19248,1
19249,0
19250,1
19251,1
19252,1
19253,1
19254,0
19255,1
19256,1
19257,1
19258,1
19259,0
19260,1
19261,1
19262,1
19263,1
19264,0
19265,1
19266,1
19267,1
19268,1
19269,0
19270,1
19271,1
19272,1
19273,1
19274,0
19275,1
19276,1
19277,1
19278,1
19279,0
19280,1
19281,1
19282,1
19283,1
19284,0
19285,1
19286,1
19287,1
19288,1
19289,0
19290,1
19291,1
19292,1
19293,1
19294,0
19295,1
19296,1
19297,1
19298,1
19299,0
19300,1
19301,1
19302,1
19303,1
19304,0
19305,1
19306,1
19307,1
19308,1
19309,0
19310,1
19311,1
19312,1
19313,1
19314,0
19315,1
19316,1
19317,1
19318,1
19319,0
19320,1
19321,1
19322,1
19323,1
19324,0
19325,1
19326,1
19327,1
19328,1
19329,0
19330,1
19331,1
19332,1
19333,1
19334,0
19335,1
19336,1
19337,1
19338,1
19339,0
19340,1
19341,1
19342,1
19343,1
19344,0
19345,1
19346,1
19347,1
19348,1
19349,0
19350,1
19351,1
19352,1
19353,1
19354,0
19355,1
19356,1
19357,1
19358,1
19359,0
19360,1
19361,1
19362,1
19363,1
19364,0
19365,1
19366,1
19367,1
19368,1
19369,0
19370,1
19371,1
19372,1
19373,1
19374,0
19375,1
19376,1
19377,1
19378,1
19379,0
19380,1
19381,1
19382,1
19383,1
19384,0
19385,1
19386,1
19387,1
19388,1
19389,0
19390,1
19391,1
19392,1
19393,1
19394,0
19395,1
19396,1
19397,1
19398,1
19399,0
19400,1
19401,1
19402,1
19403,1
19404,0
19405,1
19406,1
19407,1
19408,1
19409,0
19410,1
19411,1
19412,1
19413,1
19414,0
19415,1
19416,1
19417,1
19418,1
19419,0
19420,1
19421,1
19422,1
19423,1
19424,0
19425,1
19426,1
19427,1
19428,1
19429,0
19430,1
19431,1
19432,1
19433,1
19434,0
19435,1
19436,1
19437,1
19438,1
19439,0
19440,1
19441,1
19442,1
19443,1
19444,0
19445,1
19446,1
19447,1
19448,1
19449,0
19450,1
19451,1
19452,1
19453,1
19454,0
19455,1
19456,1
19457,1
19458,1
19459,0
19460,1
19461,1
19462,1
19463,1
19464,0
19465,1
19466,1
19467,1
19468,1
19469,0
19470,1
19471,1
19472,1
19473,1
19474,0
19475,1
19476,1
19477,1
19478,1
19479,0
19480,1
19481,1
19482,1
19483,1
19484,0
19485,1
19486,1
19487,1
19488,1
19489,0
19490,1
19491,1
19492,1
19493,1
19494,0
19495,1
19496,1
19497,1
19498,1
19499,0
19500,1
19501,1
19502,1
19503,1
19504,0
19505,1
19506,1
19507,1
19508,1
19509,0
19510,1
19511,1
19512,1
19513,1
19514,0
19515,1
19516,1
19517,1
19518,1
19519,0
19520,1
19521,1
19522,1
19523,1
19524,0
19525,1
19526,1
19527,1
19528,1
19529,0
19530,1
19531,1
19532,1
19533,1
19534,0
19535,1
19536,1
19537,1
19538,1
19539,0
19540,1
19541,1
19542,1
19543,1
19544,0
19545,1
19546,1
19547,1
19548,1
19549,0
19550,1
19551,1
19552,1
19553,1
19554,0
19555,1
19556,1
19557,1
19558,1
19559,0
19560,1
19561,1
19562,1
19563,1
19564,0
19565,1
19566,1
19567,1
19568,1
19569,0
19570,1
19571,1
19572,1
19573,1
19574,0
19575,1
19576,1
19577,1
19578,1
19579,0
19580,1
19581,1
19582,1